error_type,text_id,predicted_text,predicted_label,gold_text,gold_label
type_error,1,Sixth Assessment Report,EVENT,Sixth Assessment Report,WORK_OF_ART
boundary_error,1,1.5 degrees,QUANTITY,1.5 degrees Celsius,QUANTITY
spurious_entity,1,2030,DATE,,
spurious_entity,1,Antonio Guterres,PERSON,,
spurious_entity,1,COP,ORG,,
spurious_entity,2,190,CARDINAL,,
spurious_entity,2,The United Arab Emirates,GPE,,
spurious_entity,2,two weeks,DATE,,
spurious_entity,2,2030,DATE,,
boundary_error,3,The World Bank,ORG,World Bank,ORG
boundary_error,3,June 2024,DATE,June 2024,DATE
spurious_entity,3,Sub-Saharan Africa,ORG,,
boundary_error,3,South Asia,LOC,Sub-Saharan Africa,LOC
spurious_entity,3,World Bank,ORG,,
spurious_entity,3,Ajay Banga,PERSON,,
spurious_entity,4,National Climate Change Policy,ORG,,
spurious_entity,4,2022,DATE,,
spurious_entity,4,31%,PERCENT,,
spurious_entity,4,2030,DATE,,
boundary_error,4,The Ministry of Environment,ORG,European Union,ORG
spurious_entity,4,UNDP,ORG,,
spurious_entity,4,the European Union,ORG,,
spurious_entity,5,the Bonn Climate Change Conference,ORG,,
boundary_error,5,June 2024,DATE,June 2024,DATE
spurious_entity,5,the Paris Agreement,EVENT,,
spurious_entity,5,February 2025,DATE,,
boundary_error,6,The European Union's,ORG,European Union,ORG
type_error,6,Carbon Border Adjustment Mechanism,ORG,Carbon Border Adjustment Mechanism,LAW
boundary_error,6,October 2023,DATE,October 2023,DATE
spurious_entity,6,EU,ORG,,
spurious_entity,6,January 2026,DATE,,
boundary_error,7,the United Nations General Assembly,ORG,United Nations General Assembly,ORG
spurious_entity,7,the Climate Ambition Summit,ORG,,
boundary_error,7,New York,GPE,New York,GPE
spurious_entity,7,the Paris Agreement,EVENT,,
spurious_entity,8,State of Food and Agriculture 2023,ORG,,
spurious_entity,8,735 million,CARDINAL,,
spurious_entity,8,2022,DATE,,
spurious_entity,8,FAO,ORG,,
spurious_entity,8,Qu Dongyu,PERSON,,
spurious_entity,8,$4 billion,MONEY,,
spurious_entity,8,annual,DATE,,
boundary_error,9,The Green Climate Fund,ORG,Green Climate Fund,ORG
boundary_error,9,Songdo,GPE,Songdo,GPE
boundary_error,9,South Korea,GPE,South Korea,GPE
boundary_error,9,$150 million,MONEY,$150 million,MONEY
boundary_error,9,Bangladesh,GPE,Bangladesh,GPE
boundary_error,9,$90 million,MONEY,$90 million,MONEY
boundary_error,9,the Congo Basin,LOC,Congo Basin,LOC
boundary_error,9,$45 million,MONEY,$45 million,MONEY
spurious_entity,9,Jordan,GPE,,
boundary_error,9,$12 billion,MONEY,$12 billion,MONEY
boundary_error,10,Change Xie Zhenhua,PERSON,Xie Zhenhua,PERSON
boundary_error,10,US,GPE,US,GPE
boundary_error,10,John Kerry,PERSON,John Kerry,PERSON
spurious_entity,10,Sunnylands,GPE,,
boundary_error,10,California,GPE,California,GPE
boundary_error,10,November 2023,DATE,November 2023,DATE
spurious_entity,10,the Paris Agreement,EVENT,,
spurious_entity,11,NASA,ORG,,
spurious_entity,11,Goddard Institute for Space Studies,ORG,,
spurious_entity,11,2023,DATE,,
spurious_entity,11,the warmest year,DATE,,
spurious_entity,11,1.48 degrees Celsius,QUANTITY,,
spurious_entity,11,1850-1900,DATE,,
spurious_entity,11,El Nino,GPE,,
spurious_entity,11,mid-2023,DATE,,
spurious_entity,11,Southern Europe,LOC,,
spurious_entity,11,North Africa,GPE,,
spurious_entity,11,the Middle East,LOC,,
spurious_entity,11,July 2023,DATE,,
spurious_entity,11,the hottest month,DATE,,
spurious_entity,12,Science,GPE,,
spurious_entity,12,January 2024,DATE,,
spurious_entity,12,the Greenland Ice Sheet,ORG,,
spurious_entity,12,approximately 270 billion tonnes,QUANTITY,,
spurious_entity,12,between 2006 and 2022,DATE,,
spurious_entity,12,GRACE,ORG,,
spurious_entity,12,GRACE-FO,ORG,,
spurious_entity,12,approximately 0.7 millimeters,QUANTITY,,
spurious_entity,12,2010,DATE,,
spurious_entity,13,Arctic,LOC,,
spurious_entity,13,sixth,ORDINAL,,
spurious_entity,13,September 2023,DATE,,
spurious_entity,13,the National Snow and Ice Data Center,ORG,,
spurious_entity,13,Boulder,GPE,,
spurious_entity,13,Colorado,GPE,,
spurious_entity,13,15,CARDINAL,,
spurious_entity,13,Arctic sea,LOC,,
spurious_entity,13,the last 15 years,DATE,,
spurious_entity,14,the Great Barrier Reef Foundation,FAC,,
spurious_entity,14,fourth,ORDINAL,,
spurious_entity,14,seven years,DATE,,
spurious_entity,14,March 2024,DATE,,
spurious_entity,14,2 degrees,QUANTITY,,
spurious_entity,14,14 consecutive days,DATE,,
spurious_entity,14,75%,PERCENT,,
spurious_entity,14,"over 1,500",CARDINAL,,
spurious_entity,14,400,CARDINAL,,
spurious_entity,15,the Max Planck Institute for Meteorology,ORG,,
spurious_entity,15,Nature Geoscience,WORK_OF_ART,,
spurious_entity,15,the Atlantic Meridional Overturning Circulation,ORG,,
spurious_entity,15,approximately 15%,PERCENT,,
spurious_entity,15,1950,DATE,,
spurious_entity,15,AMOC,ORG,,
spurious_entity,15,the North Atlantic,LOC,,
spurious_entity,15,Northern Europe,LOC,,
spurious_entity,15,US,GPE,,
spurious_entity,15,East Coast,LOC,,
spurious_entity,16,Atmospheric CO2,PERSON,,
spurious_entity,16,the Mauna Loa Observatory,FAC,,
spurious_entity,16,Hawaii,GPE,,
spurious_entity,16,424.0,CARDINAL,,
spurious_entity,16,May 2024,DATE,,
spurious_entity,16,NOAA,ORG,,
spurious_entity,16,2.8,CARDINAL,,
spurious_entity,16,the previous year,DATE,,
spurious_entity,16,1958,DATE,,
spurious_entity,16,approximately 50%,PERCENT,,
spurious_entity,16,280,CARDINAL,,
spurious_entity,17,the University of Leeds,ORG,,
spurious_entity,17,227 billion tonnes,QUANTITY,,
spurious_entity,17,2000-2009,DATE,,
spurious_entity,17,298 billion tonnes,QUANTITY,,
spurious_entity,17,2010-2019,DATE,,
spurious_entity,17,Geophysical Research Letters,ORG,,
spurious_entity,17,"217,175",CARDINAL,,
spurious_entity,17,Himalayan,NORP,,
spurious_entity,17,the early 2000s,DATE,,
spurious_entity,17,1.9 billion,CARDINAL,,
spurious_entity,18,The World Meteorological Organization,ORG,,
spurious_entity,18,4.5 millimeters,QUANTITY,,
spurious_entity,18,2023,DATE,,
spurious_entity,18,annual,DATE,,
spurious_entity,18,1993,DATE,,
spurious_entity,18,approximately 40%,PERCENT,,
spurious_entity,18,WMO,ORG,,
spurious_entity,18,Celeste Saulo,PERSON,,
spurious_entity,18,decades,DATE,,
spurious_entity,19,the National Academy of Sciences,ORG,,
spurious_entity,19,Siberia,LOC,,
spurious_entity,19,Alaska,GPE,,
spurious_entity,19,approximately 600 million tonnes,QUANTITY,,
spurious_entity,19,CO2,PRODUCT,,
spurious_entity,19,2022,DATE,,
spurious_entity,19,80,CARDINAL,,
spurious_entity,19,20-year,DATE,,
spurious_entity,19,"roughly 1,500 billion tonnes",QUANTITY,,
spurious_entity,20,the Potsdam Institute for Climate Impact Research,ORG,,
spurious_entity,20,1.5 degree,QUANTITY,,
spurious_entity,20,five,CARDINAL,,
spurious_entity,20,the Greenland Ice Sheet,ORG,,
spurious_entity,20,the West Antarctic Ice Sheet,LOC,,
spurious_entity,20,the Atlantic Meridional Overturning Circulation,ORG,,
spurious_entity,20,Science,GPE,,
spurious_entity,20,September 2023,DATE,,
spurious_entity,21,The European Space Agency's,ORG,,
spurious_entity,21,Copernicus Climate Change Service,ORG,,
spurious_entity,21,September 2023,DATE,,
spurious_entity,21,1.75 degrees,QUANTITY,,
spurious_entity,21,0.5 degrees,QUANTITY,,
spurious_entity,21,El Nino,GPE,,
spurious_entity,21,Saharan,GPE,,
spurious_entity,21,Antarctic sea,LOC,,
spurious_entity,21,Copernicus,ORG,,
spurious_entity,21,Carlo Buontempo,PERSON,,
spurious_entity,22,30%,PERCENT,,
spurious_entity,22,1800,DATE,,
spurious_entity,22,CO2,PRODUCT,,
spurious_entity,22,Annual Review of Marine Science,ORG,,
spurious_entity,22,8.1,CARDINAL,,
spurious_entity,22,8.2,CARDINAL,,
spurious_entity,22,the Southern Ocean,LOC,,
spurious_entity,22,Arctic,LOC,,
spurious_entity,23,The Dead Sea,LOC,,
spurious_entity,23,approximately one-third,CARDINAL,,
spurious_entity,23,1960,DATE,,
spurious_entity,23,more than 1 meter,QUANTITY,,
spurious_entity,23,the Jordan River,LOC,,
spurious_entity,23,"7,000",CARDINAL,,
spurious_entity,23,Jordan,GPE,,
spurious_entity,23,the West Bank,GPE,,
spurious_entity,24,Mediterranean,LOC,,
spurious_entity,24,the summer of 2023,DATE,,
spurious_entity,24,"400,000",CARDINAL,,
spurious_entity,24,Greece,GPE,,
spurious_entity,24,Turkey,GPE,,
spurious_entity,24,Algeria,GPE,,
spurious_entity,24,Tunisia,GPE,,
spurious_entity,24,48 degrees,QUANTITY,,
spurious_entity,24,Sicily,GPE,,
spurious_entity,24,European,NORP,,
spurious_entity,24,"20,000",CARDINAL,,
spurious_entity,24,an estimated $3.5 billion,MONEY,,
spurious_entity,24,Mediterranean,LOC,,
spurious_entity,24,40 days,DATE,,
spurious_entity,24,the 1980s,DATE,,
spurious_entity,25,Pacific Island,LOC,,
spurious_entity,25,Tuvalu,GPE,,
spurious_entity,25,Kiribati,GPE,,
spurious_entity,25,up to 50%,PERCENT,,
spurious_entity,25,the Marshall Islands',GPE,,
spurious_entity,25,2100,CARDINAL,,
spurious_entity,25,just 2 meters,QUANTITY,,
spurious_entity,25,2023,DATE,,
spurious_entity,25,Tuvalu,ORG,,
spurious_entity,25,Australia,GPE,,
spurious_entity,25,up to 280,CARDINAL,,
spurious_entity,26,Flash,PERSON,,
spurious_entity,26,Derna,GPE,,
spurious_entity,26,Libya,GPE,,
spurious_entity,26,September 2023,DATE,,
spurious_entity,26,"over 11,000",CARDINAL,,
spurious_entity,26,"40,000",CARDINAL,,
spurious_entity,26,Storm Daniel,ORG,,
spurious_entity,26,two,CARDINAL,,
spurious_entity,26,414 millimeters,QUANTITY,,
spurious_entity,26,24 hours,TIME,,
spurious_entity,26,annual,DATE,,
spurious_entity,26,270,CARDINAL,,
spurious_entity,26,50,CARDINAL,,
spurious_entity,26,50%,PERCENT,,
spurious_entity,27,Jordan,GPE,,
spurious_entity,27,approximately 80 cubic meters,QUANTITY,,
spurious_entity,27,500 cubic meters,QUANTITY,,
spurious_entity,27,the Jordan Valley,LOC,,
spurious_entity,28,25%,PERCENT,,
spurious_entity,28,2000,DATE,,
spurious_entity,28,the African Union's Climate Research Centre,ORG,,
spurious_entity,28,Mediterranean,LOC,,
spurious_entity,28,Southern Europe,LOC,,
spurious_entity,28,up to 30%,PERCENT,,
spurious_entity,28,March 2024,DATE,,
spurious_entity,28,Scandinavia,LOC,,
spurious_entity,29,Amman,GPE,,
spurious_entity,29,2023,DATE,,
spurious_entity,29,40 degrees,QUANTITY,,
spurious_entity,29,18 separate days,DATE,,
spurious_entity,29,August,DATE,,
spurious_entity,29,The Jordanian Department of Meteorology,ORG,,
spurious_entity,29,summer,DATE,,
spurious_entity,29,2.1 degrees,QUANTITY,,
spurious_entity,29,1970,DATE,,
spurious_entity,29,35%,PERCENT,,
spurious_entity,29,2018-2022,DATE,,
spurious_entity,30,The IPCC Working Group II,ORG,,
spurious_entity,30,21%,PERCENT,,
spurious_entity,30,1961,DATE,,
spurious_entity,30,South Asia,LOC,,
spurious_entity,30,Sub-Saharan Africa,ORG,,
spurious_entity,30,10-25%,PERCENT,,
spurious_entity,30,2 degrees,QUANTITY,,
spurious_entity,30,3.3 to 3.6 billion,QUANTITY,,
spurious_entity,31,Hurricane Otis,EVENT,,
spurious_entity,31,Acapulco,GPE,,
spurious_entity,31,Mexico,GPE,,
spurious_entity,31,"October 25, 2023",DATE,,
spurious_entity,31,270 kilometers per hour,QUANTITY,,
spurious_entity,31,Category 5,LAW,,
spurious_entity,31,just 12 hours,TIME,,
spurious_entity,31,the Eastern Pacific,LOC,,
spurious_entity,31,over $16 billion,MONEY,,
spurious_entity,31,at least 52,CARDINAL,,
spurious_entity,32,Sahel,PERSON,,
spurious_entity,32,Africa,LOC,,
spurious_entity,32,a decade,DATE,,
spurious_entity,32,2023,DATE,,
spurious_entity,32,45 million,CARDINAL,,
spurious_entity,32,Burkina Faso,GPE,,
spurious_entity,32,Mali,PERSON,,
spurious_entity,32,Niger,PERSON,,
spurious_entity,32,Chad,GPE,,
spurious_entity,32,The World Food Programme,ORG,,
spurious_entity,32,12 million,CARDINAL,,
spurious_entity,32,millions,CARDINAL,,
spurious_entity,33,Himalayas,FAC,,
spurious_entity,33,10,CARDINAL,,
spurious_entity,33,1990,DATE,,
spurious_entity,33,October 2023,DATE,,
spurious_entity,33,GLOF,ORG,,
spurious_entity,33,Sikkim,GPE,,
spurious_entity,33,India,GPE,,
spurious_entity,33,Teesta III,PERSON,,
spurious_entity,33,over 40,CARDINAL,,
spurious_entity,33,23 billion dollar,MONEY,,
spurious_entity,33,less than a year,DATE,,
spurious_entity,33,"over 5,000",CARDINAL,,
spurious_entity,33,Hindu,NORP,,
spurious_entity,33,Kush Himalaya,PERSON,,
spurious_entity,34,approximately 500 million,CARDINAL,,
spurious_entity,34,70-90%,PERCENT,,
spurious_entity,34,1.5 degrees,QUANTITY,,
spurious_entity,34,2 degrees,QUANTITY,,
spurious_entity,34,$375 billion,MONEY,,
spurious_entity,34,Caribbean,LOC,,
spurious_entity,34,50%,PERCENT,,
spurious_entity,34,1970,DATE,,
spurious_entity,35,Jordan,GPE,,
spurious_entity,35,Disi Water Conveyance Project,ORG,,
spurious_entity,35,2013,DATE,,
spurious_entity,35,$990 million,MONEY,,
spurious_entity,35,100 million cubic meters,QUANTITY,,
spurious_entity,35,annually,DATE,,
spurious_entity,35,Disi,NORP,,
spurious_entity,35,Amman,GPE,,
spurious_entity,35,Aqaba,GPE,,
spurious_entity,35,50 years,DATE,,
spurious_entity,36,The Kingdom of Jordan,GPE,,
spurious_entity,36,200-megawatt,QUANTITY,,
spurious_entity,36,Mafraq,GPE,,
spurious_entity,36,January 2024,DATE,,
spurious_entity,36,"2,400 megawatts",QUANTITY,,
spurious_entity,36,Jordan,PERSON,,
spurious_entity,36,50%,PERCENT,,
spurious_entity,36,2030,DATE,,
spurious_entity,36,29%,PERCENT,,
spurious_entity,36,2023,DATE,,
spurious_entity,36,Mafraq,GPE,,
spurious_entity,36,the European Bank for Reconstruction and Development,ORG,,
spurious_entity,36,"approximately 110,000",CARDINAL,,
spurious_entity,37,Singapore,GPE,,
spurious_entity,37,$72 billion,MONEY,,
spurious_entity,37,100 years,DATE,,
spurious_entity,37,up to 4 meters,QUANTITY,,
spurious_entity,37,The Tuas Nexus,ORG,,
spurious_entity,37,2025,DATE,,
spurious_entity,38,UNEP,ORG,,
spurious_entity,38,Adaptation Gap Report,ORG,,
spurious_entity,38,2023,DATE,,
spurious_entity,38,10 to 18,CARDINAL,,
spurious_entity,38,annual,DATE,,
spurious_entity,38,215,MONEY,,
spurious_entity,38,$387 billion,MONEY,,
spurious_entity,38,Only $21 billion,MONEY,,
spurious_entity,38,2021,DATE,,
spurious_entity,39,Netherlands,GPE,,
spurious_entity,39,River,LOC,,
spurious_entity,39,2019,DATE,,
spurious_entity,39,2.3 billion,CARDINAL,,
spurious_entity,39,34,CARDINAL,,
spurious_entity,39,"the Rhine, Meuse",ORG,,
spurious_entity,39,Europe,LOC,,
spurious_entity,40,Kenya,GPE,,
spurious_entity,40,Great Green Wall,FAC,,
spurious_entity,40,over 15 million,CARDINAL,,
spurious_entity,40,400-kilometer,QUANTITY,,
spurious_entity,40,2020,DATE,,
spurious_entity,40,"12,000",CARDINAL,,
spurious_entity,40,"5,000",CARDINAL,,
spurious_entity,40,FAO,ORG,,
spurious_entity,40,the World Bank,ORG,,
spurious_entity,41,Bangladesh,GPE,,
spurious_entity,41,1972,DATE,,
spurious_entity,41,Red Cross,ORG,,
spurious_entity,41,over 99%,PERCENT,,
spurious_entity,41,"76,000",CARDINAL,,
spurious_entity,41,"4,000",CARDINAL,,
spurious_entity,41,35 million,CARDINAL,,
spurious_entity,41,12,MONEY,,
spurious_entity,41,annual,DATE,,
spurious_entity,41,one,CARDINAL,,
spurious_entity,42,Abu Dhabi's,ORG,,
spurious_entity,42,Masdar City,GPE,,
spurious_entity,42,15 to,CARDINAL,,
spurious_entity,42,20 degrees,QUANTITY,,
spurious_entity,42,10-megawatt,QUANTITY,,
spurious_entity,42,2024,DATE,,
spurious_entity,42,Masdar City,GPE,,
spurious_entity,42,"6,000",CARDINAL,,
spurious_entity,42,600,CARDINAL,,
spurious_entity,42,the International Renewable Energy Agency,ORG,,
spurious_entity,43,Amman,GPE,,
spurious_entity,43,Climate Action Plan,LAW,,
spurious_entity,43,2021,DATE,,
spurious_entity,43,40%,PERCENT,,
spurious_entity,43,2030,DATE,,
spurious_entity,43,"300,000",CARDINAL,,
spurious_entity,43,daily,DATE,,
spurious_entity,43,"25,000",CARDINAL,,
spurious_entity,44,Israel,GPE,,
spurious_entity,44,2025,DATE,,
spurious_entity,44,200 million cubic meters,QUANTITY,,
spurious_entity,44,annually,DATE,,
spurious_entity,44,0.40,MONEY,,
spurious_entity,44,Israel,GPE,,
spurious_entity,44,80%,PERCENT,,
spurious_entity,45,Costa Rica,GPE,,
spurious_entity,45,99.5%,PERCENT,,
spurious_entity,45,2023,DATE,,
spurious_entity,45,98%,PERCENT,,
spurious_entity,45,nine consecutive years,DATE,,
spurious_entity,45,Costa Rica's,GPE,,
spurious_entity,45,National Decarbonization Plan,ORG,,
spurious_entity,45,2050,DATE,,
spurious_entity,45,"60,000",CARDINAL,,
spurious_entity,45,2025,DATE,,
spurious_entity,46,The African Development Bank's,ORG,,
spurious_entity,46,10,CARDINAL,,
spurious_entity,46,11,CARDINAL,,
spurious_entity,46,Sahel,PRODUCT,,
spurious_entity,46,2030,DATE,,
spurious_entity,46,250 million,CARDINAL,,
spurious_entity,46,2024,DATE,,
spurious_entity,46,3.2,CARDINAL,,
spurious_entity,46,rural health clinics,ORG,,
spurious_entity,46,"15,000",CARDINAL,,
spurious_entity,47,India,GPE,,
spurious_entity,47,Nationally Determined Contribution,ORG,,
spurious_entity,47,50%,PERCENT,,
spurious_entity,47,2030,DATE,,
spurious_entity,47,45%,PERCENT,,
spurious_entity,47,2005,DATE,,
spurious_entity,47,Narendra Modi,PERSON,,
spurious_entity,47,Glasgow,GPE,,
spurious_entity,47,November 2021,DATE,,
spurious_entity,47,2070,DATE,,
spurious_entity,48,COP27,GPE,,
spurious_entity,48,Sharm el-Sheikh,GPE,,
spurious_entity,48,$792 million,MONEY,,
spurious_entity,48,Germany,GPE,,
spurious_entity,48,UAE,ORG,,
spurious_entity,48,$100 million,MONEY,,
spurious_entity,48,United Kingdom,GPE,,
spurious_entity,48,$75 million,MONEY,,
spurious_entity,48,the estimated $400 billion,MONEY,,
spurious_entity,48,annual,DATE,,
spurious_entity,49,Brazil,GPE,,
spurious_entity,49,Ministry of Environment and Climate Change,ORG,,
spurious_entity,49,August 2023,DATE,,
spurious_entity,49,Amazon,ORG,,
spurious_entity,49,48%,PERCENT,,
spurious_entity,49,the first seven months,DATE,,
spurious_entity,49,Lula da Silva,PERSON,,
spurious_entity,49,2022,DATE,,
spurious_entity,49,IBAMA,ORG,,
spurious_entity,49,the Amazon Fund,ORG,,
spurious_entity,49,$500 million,MONEY,,
spurious_entity,49,Norway,GPE,,
spurious_entity,49,Germany,GPE,,
spurious_entity,50,The International Energy Agency's,ORG,,
spurious_entity,50,Net Zero,ORG,,
spurious_entity,50,2050,DATE,,
spurious_entity,50,2021,DATE,,
spurious_entity,50,annual,DATE,,
spurious_entity,50,$4 trillion,MONEY,,
spurious_entity,50,2030,DATE,,
spurious_entity,50,$1.3 trillion,MONEY,,
spurious_entity,50,2022,DATE,,
spurious_entity,50,IEA,ORG,,
spurious_entity,50,Fatih Birol,PERSON,,
spurious_entity,51,Saudi Arabia's,GPE,,
spurious_entity,51,Vision 2030,ORG,,
spurious_entity,51,50%,PERCENT,,
spurious_entity,51,$500 billion,MONEY,,
spurious_entity,51,"2,600-megawatt",QUANTITY,,
spurious_entity,51,Sudair,ORG,,
spurious_entity,51,278 million tonnes,QUANTITY,,
spurious_entity,51,annually,DATE,,
spurious_entity,51,2030,DATE,,
spurious_entity,51,Saudi,NORP,,
spurious_entity,51,Green Initiative,GPE,,
spurious_entity,51,Middle East Green Initiative,LOC,,
spurious_entity,51,50 billion,CARDINAL,,
spurious_entity,52,The Kigali Amendment,LAW,,
spurious_entity,52,the Montreal Protocol,LAW,,
spurious_entity,52,January 2019,DATE,,
spurious_entity,52,80%,PERCENT,,
spurious_entity,52,2047,DATE,,
spurious_entity,52,thousands,CARDINAL,,
spurious_entity,52,UNEP,ORG,,
spurious_entity,52,the Kigali Amendment,LAW,,
spurious_entity,52,0.5 degrees,QUANTITY,,
spurious_entity,52,2100,DATE,,
spurious_entity,53,Jordanian,NORP,,
spurious_entity,53,the Renewable Energy and Energy Efficiency Law,ORG,,
spurious_entity,53,December 2023,DATE,,
spurious_entity,53,$50 million,MONEY,,
spurious_entity,53,the Central Bank of Jordan,ORG,,
spurious_entity,54,Nature Communications,ORG,,
spurious_entity,54,February 2024,DATE,,
spurious_entity,54,Arctic,LOC,,
spurious_entity,54,first,ORDINAL,,
spurious_entity,54,September,DATE,,
spurious_entity,54,a decade earlier,DATE,,
spurious_entity,54,40 years,DATE,,
spurious_entity,54,2050,DATE,,
spurious_entity,55,CO2,PRODUCT,,
spurious_entity,55,36.8 billion tonnes,QUANTITY,,
spurious_entity,55,2023,DATE,,
spurious_entity,55,1.1%,PERCENT,,
spurious_entity,55,2022,DATE,,
spurious_entity,55,1.0%,PERCENT,,
spurious_entity,55,15.5 billion tonnes,QUANTITY,,
spurious_entity,55,1.5%,PERCENT,,
spurious_entity,55,0.5%,PERCENT,,
spurious_entity,55,India,GPE,,
spurious_entity,55,China,GPE,,
spurious_entity,55,the European Union,ORG,,
spurious_entity,55,7.4%,PERCENT,,
spurious_entity,56,"1,923",CARDINAL,,
spurious_entity,56,2023,DATE,,
spurious_entity,56,more than 2.5,CARDINAL,,
spurious_entity,56,722,CARDINAL,,
spurious_entity,56,March 2024,DATE,,
spurious_entity,56,80,CARDINAL,,
spurious_entity,56,CO2,PRODUCT,,
spurious_entity,56,20-year,DATE,,
spurious_entity,57,The British Antarctic Survey,ORG,,
spurious_entity,57,February 2024,DATE,,
spurious_entity,57,Antarctic sea,LOC,,
spurious_entity,57,9,CARDINAL,,
spurious_entity,57,the preceding 12 months,DATE,,
spurious_entity,57,2.6 million square kilometers,QUANTITY,,
spurious_entity,57,1981-2010,DATE,,
spurious_entity,57,Antarctic ice,LOC,,
spurious_entity,58,ETH Zurich,ORG,,
spurious_entity,58,Nature,WORK_OF_ART,,
spurious_entity,58,2023 summer,DATE,,
spurious_entity,58,the Northern Hemisphere,LOC,,
spurious_entity,58,The World Weather Attribution,ORG,,
spurious_entity,58,July 2023,DATE,,
spurious_entity,58,Southern Europe,LOC,,
spurious_entity,58,North Africa,GPE,,
spurious_entity,58,the Middle East,LOC,,
spurious_entity,58,approximately 2.5 degrees,QUANTITY,,
spurious_entity,58,Phoenix,GPE,,
spurious_entity,58,Arizona,GPE,,
spurious_entity,58,31 consecutive days,DATE,,
spurious_entity,58,43 degrees,QUANTITY,,
spurious_entity,59,Pakistan,GPE,,
spurious_entity,59,August,DATE,,
spurious_entity,59,September 2022,DATE,,
spurious_entity,59,one-third,CARDINAL,,
spurious_entity,59,33 million,CARDINAL,,
spurious_entity,59,over $30 billion,MONEY,,
spurious_entity,59,190%,PERCENT,,
spurious_entity,59,Karakoram,LOC,,
spurious_entity,59,Hindu Kush,PERSON,,
spurious_entity,59,The World Health Organization,ORG,,
spurious_entity,59,"1,739",CARDINAL,,
spurious_entity,59,8 million,CARDINAL,,
spurious_entity,60,the United States,GPE,,
spurious_entity,60,$92.9 billion,MONEY,,
spurious_entity,60,2023,DATE,,
spurious_entity,60,NOAA,ORG,,
spurious_entity,60,28,CARDINAL,,
spurious_entity,60,billion-dollar,MONEY,,
spurious_entity,60,Hawaii,GPE,,
spurious_entity,60,Lahaina,GPE,,
spurious_entity,60,100,CARDINAL,,
spurious_entity,61,The World Health Organization,ORG,,
spurious_entity,61,"approximately 250,000",CARDINAL,,
spurious_entity,61,between 2030,DATE,,
spurious_entity,61,2050,DATE,,
spurious_entity,61,The Lancet Countdown on Health and Climate Change,ORG,,
spurious_entity,61,68%,PERCENT,,
spurious_entity,61,between 2000 and 2022,DATE,,
spurious_entity,61,the Middle East,LOC,,
spurious_entity,61,South Asia,LOC,,
spurious_entity,62,East Africa,GPE,,
spurious_entity,62,2020-2023,DATE,,
spurious_entity,62,40 years,DATE,,
spurious_entity,62,36 million,CARDINAL,,
spurious_entity,62,Kenya,GPE,,
spurious_entity,62,Somalia,GPE,,
spurious_entity,62,Ethiopia,GPE,,
spurious_entity,62,Five,CARDINAL,,
spurious_entity,62,over 13 million,CARDINAL,,
spurious_entity,62,late 2023,DATE,,
spurious_entity,62,2.4 million,CARDINAL,,
spurious_entity,62,Somalia,GPE,,
spurious_entity,63,Amman,GPE,,
spurious_entity,63,the 2023 summer,DATE,,
spurious_entity,63,75 micrograms per cubic meter,QUANTITY,,
spurious_entity,63,12 days,DATE,,
spurious_entity,63,three,CARDINAL,,
spurious_entity,63,WHO,ORG,,
spurious_entity,63,25,CARDINAL,,
spurious_entity,63,4.2 million,CARDINAL,,
spurious_entity,63,The Ministry of Health,ORG,,
spurious_entity,64,2023,DATE,,
spurious_entity,64,the Internal Displacement Monitoring Centre,ORG,,
spurious_entity,64,26.4 million,CARDINAL,,
spurious_entity,64,The Middle East,LOC,,
spurious_entity,64,North Africa,GPE,,
spurious_entity,64,1.2 million,CARDINAL,,
spurious_entity,64,Libya,GPE,,
spurious_entity,64,Levant,GPE,,
spurious_entity,64,UNHCR,ORG,,
spurious_entity,64,Jordan,GPE,,
spurious_entity,64,Lebanon,GPE,,
spurious_entity,64,Turkey,GPE,,
spurious_entity,65,Morocco,GPE,,
spurious_entity,65,Noor-Ouarzazate,ORG,,
spurious_entity,65,one,CARDINAL,,
spurious_entity,65,580 megawatts,QUANTITY,,
spurious_entity,65,up to 7 hours,TIME,,
spurious_entity,65,$2.5 billion,MONEY,,
spurious_entity,65,Morocco,GPE,,
spurious_entity,65,CO2,PRODUCT,,
spurious_entity,65,"760,000 tonnes",QUANTITY,,
spurious_entity,65,annually,DATE,,
spurious_entity,65,Morocco,GPE,,
spurious_entity,65,52%,PERCENT,,
spurious_entity,65,2030,DATE,,
spurious_entity,65,Sahara,LOC,,
spurious_entity,65,Europe,LOC,,
spurious_entity,66,Sahara,LOC,,
spurious_entity,66,Sahel Initiative,PERSON,,
spurious_entity,66,2007,DATE,,
spurious_entity,66,100 million,CARDINAL,,
spurious_entity,66,"8,000 kilometers",QUANTITY,,
spurious_entity,66,Senegal,GPE,,
spurious_entity,66,Djibouti,GPE,,
spurious_entity,66,2024,DATE,,
spurious_entity,66,approximately 18 million,QUANTITY,,
spurious_entity,66,UNEP,ORG,,
spurious_entity,66,20,CARDINAL,,
spurious_entity,66,African,NORP,,
spurious_entity,66,$19 billion,MONEY,,
spurious_entity,66,the One Planet Summit,ORG,,
spurious_entity,66,January 2021,DATE,,
spurious_entity,67,Denmark,GPE,,
spurious_entity,67,Kalundborg Symbiosis,ORG,,
spurious_entity,67,1972,DATE,,
spurious_entity,67,Nine,CARDINAL,,
spurious_entity,67,"5,000",CARDINAL,,
spurious_entity,67,"635,000 tonnes",QUANTITY,,
spurious_entity,67,$28 million,MONEY,,
spurious_entity,67,annually,DATE,,
spurious_entity,68,Medina al-Munawwarah,GPE,,
spurious_entity,68,2023,DATE,,
spurious_entity,68,3-degree,QUANTITY,,
spurious_entity,68,2027,DATE,,
spurious_entity,68,Saudi Arabia's,GPE,,
spurious_entity,68,$2 billion,MONEY,,
spurious_entity,69,Egypt,GPE,,
spurious_entity,69,National Adaptation Plan,ORG,,
spurious_entity,69,the Nile Delta,LOC,,
spurious_entity,69,50%,PERCENT,,
spurious_entity,69,$3.5 billion,MONEY,,
spurious_entity,69,the Agricultural Research Centre,ORG,,
spurious_entity,69,Delta,ORG,,
spurious_entity,69,60%,PERCENT,,
spurious_entity,69,Egypt,GPE,,
spurious_entity,69,40%,PERCENT,,
spurious_entity,69,40 million,CARDINAL,,
spurious_entity,70,Middle Eastern,NORP,,
spurious_entity,70,3 to 8 degrees Celsius,QUANTITY,,
spurious_entity,70,Amman,GPE,,
spurious_entity,70,Riyadh,GPE,,
spurious_entity,70,Baghdad,GPE,,
spurious_entity,71,UNEP,ORG,,
spurious_entity,71,Emissions Gap Report,ORG,,
spurious_entity,71,2023,DATE,,
spurious_entity,71,2.5,CARDINAL,,
spurious_entity,71,2.9 degrees,QUANTITY,,
spurious_entity,71,2100,DATE,,
spurious_entity,71,2.0 degrees,QUANTITY,,
spurious_entity,71,the Paris Agreement,EVENT,,
spurious_entity,71,42%,PERCENT,,
spurious_entity,71,2030,DATE,,
spurious_entity,71,57%,PERCENT,,
spurious_entity,71,2035,DATE,,
spurious_entity,71,2019,DATE,,
spurious_entity,72,Jordan,GPE,,
spurious_entity,72,Israel,GPE,,
spurious_entity,72,the Palestinian Authority,ORG,,
spurious_entity,72,300 million cubic meters,QUANTITY,,
spurious_entity,72,Dead Sea,LOC,,
spurious_entity,72,$10 billion,MONEY,,
spurious_entity,72,800 megawatts,QUANTITY,,
spurious_entity,72,400-meter,QUANTITY,,
spurious_entity,72,the Red Sea,LOC,,
spurious_entity,72,2024,DATE,,
spurious_entity,72,World Bank,ORG,,
spurious_entity,73,The Lancet Planetary Health,ORG,,
spurious_entity,73,35 degrees,QUANTITY,,
spurious_entity,73,12%,PERCENT,,
spurious_entity,73,the Middle East,LOC,,
spurious_entity,73,South Asia,LOC,,
spurious_entity,73,$2.4 trillion,MONEY,,
spurious_entity,73,annually,DATE,,
spurious_entity,73,2030,DATE,,
spurious_entity,73,Jordan,PERSON,,
spurious_entity,73,40%,PERCENT,,
spurious_entity,73,months,DATE,,
spurious_entity,74,Antarctic,ORG,,
spurious_entity,74,26.0 million square kilometers,QUANTITY,,
spurious_entity,74,"September 21, 2023",DATE,,
spurious_entity,74,12th,ORDINAL,,
spurious_entity,74,1979,DATE,,
spurious_entity,74,the Montreal Protocol,ORG,,
spurious_entity,74,approximately 2066,DATE,,
spurious_entity,74,Antarctica,LOC,,
spurious_entity,74,NOAA,ORG,,
spurious_entity,74,NASA,ORG,,
spurious_entity,75,Mediterranean,LOC,,
spurious_entity,75,5-15%,PERCENT,,
spurious_entity,75,2050,DATE,,
spurious_entity,75,Jordan,GPE,,
spurious_entity,75,Al Tafila,PERSON,,
spurious_entity,75,38,CARDINAL,,
spurious_entity,75,117 megawatts,QUANTITY,,
spurious_entity,75,"approximately 80,000",CARDINAL,,
spurious_entity,75,Jordanian,NORP,,
spurious_entity,75,annually,DATE,,
spurious_entity,76,The Intergovernmental Panel on Climate Change Special Report,ORG,,
spurious_entity,76,90%,PERCENT,,
spurious_entity,76,1970,DATE,,
spurious_entity,76,Marine,ORG,,
spurious_entity,76,1982,DATE,,
spurious_entity,76,20 to 50,CARDINAL,,
spurious_entity,76,2 degrees,QUANTITY,,
spurious_entity,77,October 2023,DATE,,
spurious_entity,77,the African Group of Negotiators,ORG,,
spurious_entity,77,$1.3 trillion,MONEY,,
spurious_entity,77,annual,DATE,,
spurious_entity,77,2030,DATE,,
spurious_entity,77,approximately $100 billion,MONEY,,
spurious_entity,77,Africa,LOC,,
spurious_entity,77,only 3.8%,PERCENT,,
spurious_entity,77,$50 billion,MONEY,,
spurious_entity,77,100,MONEY,,
spurious_entity,77,2030,DATE,,
spurious_entity,78,Jordan,GPE,,
spurious_entity,78,Azraq,ORG,,
spurious_entity,78,"approximately 43,000",CARDINAL,,
spurious_entity,78,Syrian,NORP,,
spurious_entity,78,first,ORDINAL,,
spurious_entity,78,2017,DATE,,
spurious_entity,78,12.9-megawatt,QUANTITY,,
spurious_entity,78,UNHCR,ORG,,
spurious_entity,78,IKEA Foundation,ORG,,
spurious_entity,78,$5.5 million,MONEY,,
spurious_entity,78,annually,DATE,,
spurious_entity,78,14 hours,TIME,,
spurious_entity,78,only 8 hours,TIME,,
spurious_entity,123,The United Nations Environment Programme,ORG,,
spurious_entity,123,2023,DATE,,
spurious_entity,123,Global Methane Assessment,WORK_OF_ART,,
spurious_entity,123,45%,PERCENT,,
spurious_entity,123,2030,DATE,,
spurious_entity,123,three,CARDINAL,,
spurious_entity,123,UNEP,ORG,,
spurious_entity,123,0.3 degrees,QUANTITY,,
spurious_entity,123,mid-century,DATE,,
spurious_entity,124,The International Maritime Organization,ORG,,
spurious_entity,124,July 2023,DATE,,
spurious_entity,124,2050,DATE,,
spurious_entity,124,50%,PERCENT,,
spurious_entity,124,approximately 3%,PERCENT,,
spurious_entity,124,20%,PERCENT,,
spurious_entity,124,2030,DATE,,
spurious_entity,124,70%,PERCENT,,
spurious_entity,124,2040,DATE,,
spurious_entity,124,2008,DATE,,
spurious_entity,125,Nature Food,ORG,,
spurious_entity,125,approximately 34%,PERCENT,,
spurious_entity,125,14.5%,PERCENT,,
spurious_entity,125,up to 70%,PERCENT,,
spurious_entity,126,The World Resources Institute,ORG,,
spurious_entity,126,22.8 million,CARDINAL,,
spurious_entity,126,2023,DATE,,
spurious_entity,126,every 5 seconds,TIME,,
spurious_entity,126,3.7 million,CARDINAL,,
spurious_entity,126,Brazil,GPE,,
spurious_entity,126,the Democratic Republic of Congo,GPE,,
spurious_entity,126,Bolivia,GPE,,
spurious_entity,127,Jordan,GPE,,
spurious_entity,127,Ministry of Water and Irrigation,ORG,,
spurious_entity,127,the National Water Strategy,ORG,,
spurious_entity,127,2023-2040,DATE,,
spurious_entity,127,25%,PERCENT,,
spurious_entity,127,40%,PERCENT,,
spurious_entity,127,400 million cubic meters,QUANTITY,,
spurious_entity,127,annually,DATE,,
spurious_entity,127,the World Bank,ORG,,
spurious_entity,127,USAID,ORG,,
spurious_entity,127,German,NORP,,
spurious_entity,127,KfW,ORG,,
spurious_entity,127,$1.8 billion,MONEY,,
spurious_entity,128,"over 12,500",CARDINAL,,
spurious_entity,128,1 billion,CARDINAL,,
spurious_entity,128,32%,PERCENT,,
spurious_entity,128,2030,DATE,,
spurious_entity,128,approximately 70%,PERCENT,,
spurious_entity,129,the Middle East,LOC,,
spurious_entity,129,winter,DATE,,
spurious_entity,129,10-20%,PERCENT,,
spurious_entity,129,1960,DATE,,
spurious_entity,129,Earth,LOC,,
spurious_entity,129,the Eastern Mediterranean,LOC,,
spurious_entity,129,3.5,CARDINAL,,
spurious_entity,129,1900,DATE,,
spurious_entity,129,20%,PERCENT,,
spurious_entity,129,2050,DATE,,
spurious_entity,130,The Asian Development Bank,ORG,,
spurious_entity,130,$100 billion,MONEY,,
spurious_entity,130,2019-2030,DATE,,
spurious_entity,130,South,LOC,,
spurious_entity,130,Southeast Asia,LOC,,
spurious_entity,130,$250 million,MONEY,,
spurious_entity,130,Pakistan,GPE,,
spurious_entity,130,$180 million,MONEY,,
spurious_entity,130,India,GPE,,
spurious_entity,131,the Tibetan Plateau,LOC,,
spurious_entity,131,1.5 million square kilometers,QUANTITY,,
spurious_entity,131,Qinghai,GPE,,
spurious_entity,131,2006,DATE,,
spurious_entity,131,0.5 degrees Celsius,QUANTITY,,
spurious_entity,131,1980,DATE,,
spurious_entity,131,40%,PERCENT,,
spurious_entity,131,2100,DATE,,
spurious_entity,132,The European Investment Bank,ORG,,
spurious_entity,132,36 billion,CARDINAL,,
spurious_entity,132,2023,DATE,,
spurious_entity,132,58%,PERCENT,,
spurious_entity,132,4.5 billion,MONEY,,
spurious_entity,132,the North Sea,LOC,,
spurious_entity,132,2 billion,MONEY,,
spurious_entity,132,Poland,GPE,,
spurious_entity,132,500 million,CARDINAL,,
spurious_entity,132,Spain,GPE,,
spurious_entity,132,1 trillion,QUANTITY,,
spurious_entity,132,2030,DATE,,
spurious_entity,133,the Dead Sea,LOC,,
spurious_entity,133,60%,PERCENT,,
spurious_entity,133,1990,DATE,,
spurious_entity,133,the University of Jordan,ORG,,
spurious_entity,133,the Helmholtz Centre for Environmental Research,ORG,,
spurious_entity,133,The Dead Sea's,LOC,,
spurious_entity,133,31.5%,PERCENT,,
spurious_entity,133,34.2%,PERCENT,,
spurious_entity,133,three decades,DATE,,
spurious_entity,134,Indonesia,GPE,,
spurious_entity,134,"600,000",CARDINAL,,
spurious_entity,134,2025,DATE,,
spurious_entity,134,3,CARDINAL,,
spurious_entity,134,5,CARDINAL,,
spurious_entity,134,2024,DATE,,
spurious_entity,134,"130,000",CARDINAL,,
spurious_entity,134,FAO,ORG,,
spurious_entity,134,the Asian Development Bank,ORG,,
spurious_entity,137,The Global Commission on Adaptation,ORG,,
spurious_entity,137,$1.8 trillion,MONEY,,
spurious_entity,137,between 2020 and 2030,DATE,,
spurious_entity,137,five,CARDINAL,,
spurious_entity,137,$7.1 trillion,MONEY,,
spurious_entity,137,Ban Ki-moon,PERSON,,
spurious_entity,137,Bill Gates,PERSON,,
spurious_entity,138,the Alfred Wegener Institute,ORG,,
spurious_entity,138,Nature Climate Change,ORG,,
spurious_entity,138,Antarctic,LOC,,
spurious_entity,138,between 2012 and 2022,DATE,,
spurious_entity,138,the previous decade,DATE,,
spurious_entity,138,the Doomsday Glacier,PERSON,,
spurious_entity,138,2 kilometers,QUANTITY,,
spurious_entity,138,65 centimeters,QUANTITY,,
spurious_entity,138,West Antarctic Ice Sheet,LOC,,
spurious_entity,139,The Jordan River,LOC,,
spurious_entity,139,1.3 billion cubic meters,QUANTITY,,
spurious_entity,139,annually,DATE,,
spurious_entity,139,less than 100 million cubic meters,MONEY,,
spurious_entity,139,93%,PERCENT,,
spurious_entity,139,Israel,GPE,,
spurious_entity,139,Jordan,GPE,,
spurious_entity,139,Syria,GPE,,
spurious_entity,139,Friends of the Earth Middle East,ORG,,
spurious_entity,140,Kenya,GPE,,
spurious_entity,140,Africa,LOC,,
spurious_entity,140,Olkaria,GPE,,
spurious_entity,140,the Great Rift Valley,FAC,,
spurious_entity,140,863 megawatts,QUANTITY,,
spurious_entity,140,45%,PERCENT,,
spurious_entity,140,95%,PERCENT,,
spurious_entity,140,Kenya,GPE,,
spurious_entity,140,"5,000 megawatts",QUANTITY,,
spurious_entity,140,2030,DATE,,
spurious_entity,140,the African Union,ORG,,
spurious_entity,140,the Japan International Cooperation Agency,ORG,,
spurious_entity,142,IPCC,ORG,,
spurious_entity,142,Working Group III,ORG,,
spurious_entity,142,21%,PERCENT,,
spurious_entity,142,zero,CARDINAL,,
spurious_entity,142,2030,DATE,,
spurious_entity,142,2-3%,PERCENT,,
spurious_entity,142,75-90%,PERCENT,,
spurious_entity,143,December 2023,DATE,,
spurious_entity,143,the United Nations,ORG,,
spurious_entity,143,2025,DATE,,
spurious_entity,143,the International Year of Glaciers,EVENT,,
spurious_entity,143,Over 200 million,CARDINAL,,
spurious_entity,143,Hindu,NORP,,
spurious_entity,143,Kush Himalayan,PERSON,,
spurious_entity,143,ten,CARDINAL,,
spurious_entity,143,Asia,LOC,,
spurious_entity,144,Red Sea,LOC,,
spurious_entity,144,Science Advances,ORG,,
spurious_entity,144,the Gulf of Aqaba,FAC,,
spurious_entity,144,4-5 degrees,QUANTITY,,
spurious_entity,144,Jordan,GPE,,
spurious_entity,144,Saudi Arabia,GPE,,
spurious_entity,144,Red Sea,LOC,,
spurious_entity,147,The World Glacier Monitoring Service,ORG,,
spurious_entity,147,over 1 meter,QUANTITY,,
spurious_entity,147,2023,DATE,,
spurious_entity,147,Swiss,NORP,,
spurious_entity,147,10%,PERCENT,,
spurious_entity,147,the past two years,DATE,,
spurious_entity,147,The Aletsch Glacier,PERSON,,
spurious_entity,147,Alps,LOC,,
spurious_entity,147,3 kilometers,QUANTITY,,
spurious_entity,147,1900,DATE,,
spurious_entity,147,80%,PERCENT,,
spurious_entity,147,2100,CARDINAL,,
spurious_entity,148,the Jordan Valley,LOC,,
spurious_entity,148,15-30%,PERCENT,,
spurious_entity,148,40%,PERCENT,,
spurious_entity,148,FAO,ORG,,
spurious_entity,148,the Jordanian Ministry of Agriculture,ORG,,
spurious_entity,148,"10,000",CARDINAL,,
spurious_entity,148,2026,DATE,,
spurious_entity,151,the International Court of Justice,ORG,,
spurious_entity,151,March 2024,DATE,,
spurious_entity,151,Vanuatu,PERSON,,
spurious_entity,151,over 130,CARDINAL,,
spurious_entity,151,"Over 2,300",CARDINAL,,
spurious_entity,151,65,CARDINAL,,
spurious_entity,152,up to 90%,PERCENT,,
spurious_entity,152,Jordan,GPE,,
spurious_entity,152,20-megawatt,QUANTITY,,
spurious_entity,152,the King Talal Dam reservoir,ORG,,
spurious_entity,152,8 million cubic meters,QUANTITY,,
spurious_entity,154,The Global Adaptation Finance Tracker,ORG,,
spurious_entity,154,only 7%,PERCENT,,
spurious_entity,154,The Climate Justice Alliance,ORG,,
spurious_entity,154,Bangladesh,GPE,,
spurious_entity,154,Kenya,GPE,,
spurious_entity,154,Pacific Island,LOC,,
spurious_entity,155,the King Abdullah University of Science and Technology,ORG,,
spurious_entity,155,Saudi Arabia,GPE,,
spurious_entity,155,CRISPR,PERSON,,
spurious_entity,155,Tabuk,LOC,,
spurious_entity,155,85%,PERCENT,,
spurious_entity,155,three,CARDINAL,,
spurious_entity,155,the Middle East,LOC,,
spurious_entity,157,The Global Biodiversity Framework Monitor,ORG,,
spurious_entity,157,37%,PERCENT,,
spurious_entity,157,The Mediterranean Sea,LOC,,
spurious_entity,157,41%,PERCENT,,
spurious_entity,157,1970,DATE,,
spurious_entity,158,Jordan,PERSON,,
spurious_entity,158,the European Space Agency,ORG,,
spurious_entity,158,45,CARDINAL,,
spurious_entity,158,3,CARDINAL,,
spurious_entity,158,the Jordan Valley,LOC,,
spurious_entity,158,$12 million,MONEY,,
spurious_entity,158,March 2024,DATE,,
spurious_entity,158,"15,000",CARDINAL,,
spurious_entity,158,an estimated 22%,PERCENT,,
spurious_entity,158,the 2024 winter season,DATE,,
spurious_entity,160,45 million tonnes,QUANTITY,,
spurious_entity,160,2024,DATE,,
spurious_entity,160,the Global CCS Institute,ORG,,
spurious_entity,160,Gorgon,ORG,,
spurious_entity,160,Western Australia,LOC,,
spurious_entity,160,4 million tonnes,QUANTITY,,
spurious_entity,160,annually,DATE,,
spurious_entity,160,CCS,GPE,,
spurious_entity,161,OECD,ORG,,
spurious_entity,161,$1.3 trillion,MONEY,,
spurious_entity,161,2022,DATE,,
spurious_entity,161,2021,DATE,,
spurious_entity,161,IMF,ORG,,
spurious_entity,161,$7 trillion,MONEY,,
spurious_entity,161,7.1%,PERCENT,,
spurious_entity,162,threatens 40%,PERCENT,,
spurious_entity,162,Earth,LOC,,
spurious_entity,162,2 billion,CARDINAL,,
spurious_entity,162,12 million,CARDINAL,,
spurious_entity,162,annually,DATE,,
spurious_entity,162,$490 billion,MONEY,,
spurious_entity,162,The Sahara Desert,LOC,,
spurious_entity,162,10%,PERCENT,,
spurious_entity,162,1920,DATE,,
spurious_entity,162,Sahel,PERSON,,
spurious_entity,162,approximately 48 kilometers,QUANTITY,,
spurious_entity,164,$2.2 trillion,MONEY,,
spurious_entity,164,the end of 2023,DATE,,
spurious_entity,164,annual,DATE,,
spurious_entity,164,$575 billion,MONEY,,
spurious_entity,164,The European Union,ORG,,
spurious_entity,164,China,GPE,,
spurious_entity,164,the United States,GPE,,
spurious_entity,164,Jordan,PERSON,,
spurious_entity,164,first,ORDINAL,,
spurious_entity,164,2023,DATE,,
spurious_entity,164,$250 million,MONEY,,
spurious_entity,165,73,CARDINAL,,
spurious_entity,165,1 degree,QUANTITY,,
spurious_entity,165,3-5%,PERCENT,,
spurious_entity,167,The Global Heat Health Information Network,ORG,,
spurious_entity,167,2024 heatwave season,DATE,,
spurious_entity,167,El Nino,ORG,,
spurious_entity,167,the Northern Hemisphere,LOC,,
spurious_entity,167,the Middle East,LOC,,
spurious_entity,167,South Asia,LOC,,
spurious_entity,167,hours,TIME,,
spurious_entity,167,Amman,GPE,,
spurious_entity,167,Riyadh,GPE,,
spurious_entity,167,Baghdad,GPE,,
spurious_entity,168,up to 10%,PERCENT,,
spurious_entity,168,2050,DATE,,
spurious_entity,168,The Red Sea's,LOC,,
spurious_entity,168,Saudi Arabia,GPE,,
spurious_entity,168,500-megawatt,QUANTITY,,
spurious_entity,168,Neom,GPE,,
spurious_entity,168,Mediterranean,LOC,,
spurious_entity,168,Spain,GPE,,
spurious_entity,168,Italy,GPE,,
spurious_entity,168,Greece,GPE,,
spurious_entity,170,The Global Stocktake at COP28,WORK_OF_ART,,
spurious_entity,170,first,ORDINAL,,
spurious_entity,170,the Paris Agreement,EVENT,,
spurious_entity,170,2.4-2.6 degrees,QUANTITY,,
spurious_entity,170,2100,DATE,,
spurious_entity,170,non-CO2,NORP,,
spurious_entity,171,AI,GPE,,
spurious_entity,171,30-50%,PERCENT,,
spurious_entity,171,the Jordan Valley,LOC,,
spurious_entity,171,200,CARDINAL,,
spurious_entity,171,IoT,ORG,,
spurious_entity,171,35%,PERCENT,,
spurious_entity,171,GIZ,ORG,,
spurious_entity,171,the Jordanian Ministry of Agriculture,ORG,,
spurious_entity,173,The International Renewable Energy Agency,ORG,,
spurious_entity,173,0.049,MONEY,,
spurious_entity,173,2023,DATE,,
spurious_entity,173,89%,PERCENT,,
spurious_entity,173,2010,DATE,,
spurious_entity,173,0.033,MONEY,,
spurious_entity,173,80%,PERCENT,,
spurious_entity,173,The Middle East,LOC,,
spurious_entity,173,North Africa,GPE,,
spurious_entity,174,the Gulf of Aqaba,FAC,,
spurious_entity,174,23,CARDINAL,,
spurious_entity,174,Red Sea,LOC,,
spurious_entity,174,the University of Jordan,ORG,,
spurious_entity,174,the Aqaba Marine Science Station,ORG,,
spurious_entity,174,Indo-Pacific,ORG,,
spurious_entity,174,Jordanian,NORP,,
spurious_entity,174,Mediterranean,LOC,,
spurious_entity,176,NASA,ORG,,
spurious_entity,176,ESA,ORG,,
spurious_entity,176,GRACE-FO,ORG,,
spurious_entity,176,Sentinel,ORG,,
spurious_entity,176,the Middle East,LOC,,
spurious_entity,176,Arabian,NORP,,
spurious_entity,176,7.8 cubic kilometers,QUANTITY,,
spurious_entity,176,Jordan,GPE,,
spurious_entity,176,Saudi Arabia,GPE,,
spurious_entity,176,Iraq,GPE,,
spurious_entity,176,50 years,DATE,,
spurious_entity,177,The International Labour Organization,ORG,,
spurious_entity,177,80 million,CARDINAL,,
spurious_entity,177,2030,DATE,,
spurious_entity,177,the Middle East,LOC,,
spurious_entity,177,summer hours,TIME,,
spurious_entity,177,Qatar,GPE,,
spurious_entity,177,UAE,GPE,,
spurious_entity,177,Saudi Arabia,GPE,,
spurious_entity,177,Jordan,GPE,,
spurious_entity,177,first,ORDINAL,,
spurious_entity,177,June 2024,DATE,,
spurious_entity,179,African,NORP,,
spurious_entity,179,60%,PERCENT,,
spurious_entity,179,only 1.3%,PERCENT,,
spurious_entity,179,The African Union's Agenda,ORG,,
spurious_entity,179,2063,DATE,,
spurious_entity,179,"500-5,000",CARDINAL,,
spurious_entity,179,Africa,LOC,,
spurious_entity,179,50%,PERCENT,,
spurious_entity,179,2018,DATE,,
spurious_entity,180,Jordanian,NORP,,
spurious_entity,180,The Royal Scientific Society,ORG,,
spurious_entity,180,rainwater harvesting,PERSON,,
spurious_entity,180,Amman,GPE,,
spurious_entity,180,10 million cubic meters,QUANTITY,,
spurious_entity,180,annually,DATE,,
spurious_entity,180,"3,000",CARDINAL,,
spurious_entity,180,Jordan,GPE,,
spurious_entity,180,4 years,DATE,,
spurious_entity,182,The Coral Triangle Initiative,ORG,,
spurious_entity,182,six,CARDINAL,,
spurious_entity,182,Southeast Asian,NORP,,
spurious_entity,182,40 million,CARDINAL,,
spurious_entity,182,marine habitat,ORG,,
spurious_entity,182,2009,DATE,,
spurious_entity,182,76%,PERCENT,,
spurious_entity,182,120 million,CARDINAL,,
spurious_entity,182,annual,DATE,,
spurious_entity,182,2040,DATE,,
spurious_entity,183,12%,PERCENT,,
spurious_entity,183,2050,DATE,,
spurious_entity,183,the Hydrogen Council,ORG,,
spurious_entity,183,The Middle East's,LOC,,
spurious_entity,183,NEOM,ORG,,
spurious_entity,183,Saudi Arabia,GPE,,
spurious_entity,183,4,CARDINAL,,
spurious_entity,183,600 tonnes,QUANTITY,,
spurious_entity,183,Europe,LOC,,
spurious_entity,183,Asia,LOC,,
spurious_entity,185,The United Nations Industrial Development Organization,ORG,,
spurious_entity,185,28%,PERCENT,,
spurious_entity,185,2030,DATE,,
spurious_entity,185,6 million,CARDINAL,,
spurious_entity,185,Jordan,PERSON,,
spurious_entity,185,first,ORDINAL,,
spurious_entity,185,Hussein Bin Talal,PERSON,,
spurious_entity,185,12,CARDINAL,,
spurious_entity,187,India,GPE,,
spurious_entity,187,National Solar Mission,ORG,,
spurious_entity,187,70,CARDINAL,,
spurious_entity,187,2024,DATE,,
spurious_entity,187,280,CARDINAL,,
spurious_entity,187,2030,DATE,,
spurious_entity,187,The Bhadla Solar Park,ORG,,
spurious_entity,187,Rajasthan,GPE,,
spurious_entity,187,"14,000 acres",QUANTITY,,
spurious_entity,187,"2,245 megawatts",QUANTITY,,
spurious_entity,187,India,GPE,,
spurious_entity,187,0.038,MONEY,,
spurious_entity,189,only 6,CARDINAL,,
spurious_entity,189,40,CARDINAL,,
spurious_entity,189,Paris Agreement,FAC,,
spurious_entity,189,the United States,GPE,,
spurious_entity,189,China,GPE,,
spurious_entity,189,Russia,GPE,,
spurious_entity,189,India,GPE,,
spurious_entity,189,1.5-degree,QUANTITY,,
spurious_entity,189,G20,ORG,,
spurious_entity,190,The Global Methane Pledge,WORK_OF_ART,,
spurious_entity,190,Glasgow,GPE,,
spurious_entity,190,over 150,CARDINAL,,
spurious_entity,190,30%,PERCENT,,
spurious_entity,190,2020,DATE,,
spurious_entity,190,2030,DATE,,
spurious_entity,190,0.2 degrees Celsius,QUANTITY,,
spurious_entity,190,2050,DATE,,
spurious_entity,192,The World Economic Forum's,ORG,,
spurious_entity,192,Global Risks Report,ORG,,
spurious_entity,192,2024,DATE,,
spurious_entity,192,two,CARDINAL,,
spurious_entity,192,10-year,DATE,,
spurious_entity,193,the European Space Agency's,ORG,,
spurious_entity,193,the Jordan Valley,LOC,,
spurious_entity,193,18%,PERCENT,,
spurious_entity,193,between 2015 and 2023,DATE,,
spurious_entity,195,The Blue Carbon Initiative,ORG,,
spurious_entity,195,up to 10,CARDINAL,,
spurious_entity,195,The Gulf of Aqaba's,FAC,,
spurious_entity,195,approximately 400 hectares,QUANTITY,,
spurious_entity,195,Jordanian,NORP,,
spurious_entity,195,"an estimated 1,800",CARDINAL,,
spurious_entity,195,annually,DATE,,
spurious_entity,197,The Intergovernmental Science-Policy Platform on Biodiversity and Ecosystem Services,ORG,,
spurious_entity,197,1 million,CARDINAL,,
spurious_entity,197,17 kilometers,QUANTITY,,
spurious_entity,197,11 meters,QUANTITY,,
spurious_entity,197,"100 to 1,000",CARDINAL,,
spurious_entity,198,Middle Eastern,NORP,,
spurious_entity,198,summer,DATE,,
spurious_entity,198,60-80%,PERCENT,,
spurious_entity,198,over 30%,PERCENT,,
spurious_entity,198,Dubai,GPE,,
spurious_entity,198,Sustainable City,GPE,,
spurious_entity,198,40%,PERCENT,,
spurious_entity,200,The Global Landscape of Climate Finance,WORK_OF_ART,,
spurious_entity,200,2023,DATE,,
spurious_entity,200,the Climate Policy Initiative,ORG,,
spurious_entity,200,$1.27 trillion,MONEY,,
spurious_entity,200,2021-2022,DATE,,
spurious_entity,200,63%,PERCENT,,
spurious_entity,200,$8.1 trillion,MONEY,,
spurious_entity,200,annually,DATE,,
spurious_entity,200,2030,DATE,,
spurious_entity,200,1.5 degrees,QUANTITY,,
spurious_entity,200,94%,PERCENT,,
spurious_entity,200,only 6%,PERCENT,,
missing_entity,1,,,Sixth Assessment Report,WORK_OF_ART
missing_entity,1,,,1.5 degrees Celsius,QUANTITY
missing_entity,1,,,2030,DATE
missing_entity,1,,,Antonio Guterres,PERSON
missing_entity,1,,,COP,ORG
missing_entity,2,,,COP28,ORG
missing_entity,2,,,190 nations,QUANTITY
missing_entity,2,,,United Arab Emirates,GPE
missing_entity,2,,,2030,DATE
missing_entity,3,,,World Bank,ORG
missing_entity,3,,,June 2024,DATE
missing_entity,3,,,Sub-Saharan Africa,LOC
missing_entity,3,,,South Asia,LOC
missing_entity,3,,,Ajay Banga,PERSON
missing_entity,4,,,2022,DATE
missing_entity,4,,,31%,QUANTITY
missing_entity,4,,,2030,DATE
missing_entity,4,,,Ministry of Environment,ORG
missing_entity,4,,,UNDP,ORG
missing_entity,4,,,European Union,ORG
missing_entity,5,,,Bonn Climate Change Conference,EVENT
missing_entity,5,,,June 2024,DATE
missing_entity,5,,,Paris Agreement,LAW
missing_entity,5,,,February 2025,DATE
missing_entity,6,,,European Union,ORG
missing_entity,6,,,Carbon Border Adjustment Mechanism,LAW
missing_entity,6,,,October 2023,DATE
missing_entity,6,,,EU,ORG
missing_entity,6,,,January 2026,DATE
missing_entity,7,,,United Nations General Assembly,ORG
missing_entity,7,,,Climate Ambition Summit,EVENT
missing_entity,7,,,New York,GPE
missing_entity,7,,,Paris Agreement,LAW
missing_entity,8,,,2023,DATE
missing_entity,8,,,735 million people,QUANTITY
missing_entity,8,,,2022,DATE
missing_entity,8,,,FAO,ORG
missing_entity,8,,,Qu Dongyu,PERSON
missing_entity,8,,,$4 billion,MONEY
missing_entity,9,,,Green Climate Fund,ORG
missing_entity,9,,,Songdo,GPE
missing_entity,9,,,South Korea,GPE
missing_entity,9,,,$150 million,MONEY
missing_entity,9,,,Bangladesh,GPE
missing_entity,9,,,$90 million,MONEY
missing_entity,9,,,Congo Basin,LOC
missing_entity,9,,,$45 million,MONEY
missing_entity,9,,,Jordan,GPE
missing_entity,9,,,$12 billion,MONEY
missing_entity,10,,,Xie Zhenhua,PERSON
missing_entity,10,,,US,GPE
missing_entity,10,,,John Kerry,PERSON
missing_entity,10,,,Sunnylands,LOC
missing_entity,10,,,California,GPE
missing_entity,10,,,November 2023,DATE
missing_entity,10,,,Paris Agreement,LAW
missing_entity,10,,,COP28,ORG
