category,normalized_entity,term_frequency,category_document_frequency,idf,importance_score
policy,2030,14,4,1.0,14.0
adaptation,Jordan,10,4,1.0,10.0
policy,the Paris Agreement,5,1,1.916290731874155,9.581453659370776
adaptation,annually,8,4,1.0,8.0
science,the Middle East,5,2,1.5108256237659907,7.554128118829953
policy,2022,5,2,1.5108256237659907,7.554128118829953
adaptation,2024,6,3,1.2231435513142097,7.338861307885258
adaptation,2030,7,4,1.0,7.0
adaptation,40%,5,3,1.2231435513142097,6.1157177565710485
adaptation,2025,4,2,1.5108256237659907,6.043302495063963
adaptation,Amman,4,2,1.5108256237659907,6.043302495063963
science,CO2,4,2,1.5108256237659907,6.043302495063963
impact,the Middle East,4,2,1.5108256237659907,6.043302495063963
impact,South Asia,4,2,1.5108256237659907,6.043302495063963
impact,2023,6,4,1.0,6.0
impact,Jordan,6,4,1.0,6.0
science,2023,6,4,1.0,6.0
policy,$1.3 trillion,3,1,1.916290731874155,5.748872195622465
adaptation,Morocco,3,1,1.916290731874155,5.748872195622465
science,Red Sea,3,1,1.916290731874155,5.748872195622465
science,NASA,3,1,1.916290731874155,5.748872195622465
science,Arctic,3,1,1.916290731874155,5.748872195622465
adaptation,Europe,3,1,1.916290731874155,5.748872195622465
adaptation,2023,5,4,1.0,5.0
policy,annual,5,4,1.0,5.0
impact,Amman,3,2,1.5108256237659907,4.532476871297972
impact,1970,3,2,1.5108256237659907,4.532476871297972
policy,China,3,2,1.5108256237659907,4.532476871297972
adaptation,Israel,3,2,1.5108256237659907,4.532476871297972
policy,October 2023,3,2,1.5108256237659907,4.532476871297972
adaptation,FAO,3,2,1.5108256237659907,4.532476871297972
adaptation,2050,4,4,1.0,4.0
policy,2023,4,4,1.0,4.0
adaptation,African,2,1,1.916290731874155,3.83258146374831
adaptation,Sahara,2,1,1.916290731874155,3.83258146374831
impact,August,2,1,1.916290731874155,3.83258146374831
science,the Atlantic Meridional Overturning Circulation,2,1,1.916290731874155,3.83258146374831
impact,Turkey,2,1,1.916290731874155,3.83258146374831
adaptation,the Jordanian Ministry of Agriculture,2,1,1.916290731874155,3.83258146374831
adaptation,"15,000",2,1,1.916290731874155,3.83258146374831
adaptation,Mafraq,2,1,1.916290731874155,3.83258146374831
adaptation,1972,2,1,1.916290731874155,3.83258146374831
adaptation,Masdar City,2,1,1.916290731874155,3.83258146374831
impact,The World Health Organization,2,1,1.916290731874155,3.83258146374831
adaptation,Middle Eastern,2,1,1.916290731874155,3.83258146374831
science,Science,2,1,1.916290731874155,3.83258146374831
adaptation,one,2,1,1.916290731874155,3.83258146374831
impact,Somalia,2,1,1.916290731874155,3.83258146374831
adaptation,Egypt,2,1,1.916290731874155,3.83258146374831
science,the Greenland Ice Sheet,2,1,1.916290731874155,3.83258146374831
science,the Gulf of Aqaba,2,1,1.916290731874155,3.83258146374831
adaptation,the World Bank,2,1,1.916290731874155,3.83258146374831
adaptation,"5,000",2,1,1.916290731874155,3.83258146374831
impact,Libya,2,1,1.916290731874155,3.83258146374831
policy,Germany,2,1,1.916290731874155,3.83258146374831
policy,Glasgow,2,1,1.916290731874155,3.83258146374831
science,Antarctic,2,1,1.916290731874155,3.83258146374831
science,February 2024,2,1,1.916290731874155,3.83258146374831
science,GRACE-FO,2,1,1.916290731874155,3.83258146374831
adaptation,3,2,1,1.916290731874155,3.83258146374831
policy,$250 million,2,1,1.916290731874155,3.83258146374831
policy,December 2023,2,1,1.916290731874155,3.83258146374831
science,Antarctic sea,2,1,1.916290731874155,3.83258146374831
impact,two,2,1,1.916290731874155,3.83258146374831
impact,Tuvalu,2,1,1.916290731874155,3.83258146374831
science,1900,2,1,1.916290731874155,3.83258146374831
science,20-year,2,1,1.916290731874155,3.83258146374831
impact,12 million,2,1,1.916290731874155,3.83258146374831
science,80,2,1,1.916290731874155,3.83258146374831
adaptation,12,2,1,1.916290731874155,3.83258146374831
science,the University of Jordan,2,1,1.916290731874155,3.83258146374831
adaptation,50%,3,3,1.2231435513142097,3.669430653942629
adaptation,Kenya,3,3,1.2231435513142097,3.669430653942629
policy,2100,3,3,1.2231435513142097,3.669430653942629
science,Saudi Arabia,3,3,1.2231435513142097,3.669430653942629
science,September 2023,3,3,1.2231435513142097,3.669430653942629
impact,Mediterranean,3,3,1.2231435513142097,3.669430653942629
policy,50%,3,3,1.2231435513142097,3.669430653942629
adaptation,the Jordan Valley,3,3,1.2231435513142097,3.669430653942629
impact,Sahel,2,2,1.5108256237659907,3.0216512475319814
science,July 2023,2,2,1.5108256237659907,3.0216512475319814
adaptation,60%,2,2,1.5108256237659907,3.0216512475319814
science,NOAA,2,2,1.5108256237659907,3.0216512475319814
impact,2 degrees,2,2,1.5108256237659907,3.0216512475319814
policy,the United States,2,2,1.5108256237659907,3.0216512475319814
adaptation,2021,2,2,1.5108256237659907,3.0216512475319814
science,three,2,2,1.5108256237659907,3.0216512475319814
policy,1.5 degrees,2,2,1.5108256237659907,3.0216512475319814
science,2022,2,2,1.5108256237659907,3.0216512475319814
policy,2021,2,2,1.5108256237659907,3.0216512475319814
science,2 degrees,2,2,1.5108256237659907,3.0216512475319814
science,Southern Europe,2,2,1.5108256237659907,3.0216512475319814
policy,Bangladesh,2,2,1.5108256237659907,3.0216512475319814
policy,June 2024,2,2,1.5108256237659907,3.0216512475319814
policy,FAO,2,2,1.5108256237659907,3.0216512475319814
science,El Nino,2,2,1.5108256237659907,3.0216512475319814
policy,2050,3,4,1.0,3.0
impact,annually,3,4,1.0,3.0
policy,Jordan,3,4,1.0,3.0
policy,India,3,4,1.0,3.0
adaptation,Mediterranean,2,3,1.2231435513142097,2.4462871026284194
adaptation,80%,2,3,1.2231435513142097,2.4462871026284194
science,Jordanian,2,3,1.2231435513142097,2.4462871026284194
policy,UNEP,2,3,1.2231435513142097,2.4462871026284194
adaptation,Saudi Arabia,2,3,1.2231435513142097,2.4462871026284194
science,North Africa,2,3,1.2231435513142097,2.4462871026284194
adaptation,Jordanian,2,3,1.2231435513142097,2.4462871026284194
impact,50%,2,3,1.2231435513142097,2.4462871026284194
adaptation,Africa,2,3,1.2231435513142097,2.4462871026284194
adaptation,UNEP,2,3,1.2231435513142097,2.4462871026284194
science,2100,2,3,1.2231435513142097,2.4462871026284194
impact,2030,2,4,1.0,2.0
science,Jordan,2,4,1.0,2.0
policy,annually,2,4,1.0,2.0
policy,first,2,4,1.0,2.0
science,March 2024,2,4,1.0,2.0
impact,annual,2,4,1.0,2.0
adaptation,India,2,4,1.0,2.0
adaptation,annual,2,4,1.0,2.0
science,2030,2,4,1.0,2.0
science,2050,2,4,1.0,2.0
science,annually,2,4,1.0,2.0
adaptation,first,2,4,1.0,2.0
adaptation,"25,000",1,1,1.916290731874155,1.916290731874155
adaptation,250 million,1,1,1.916290731874155,1.916290731874155
adaptation,28%,1,1,1.916290731874155,1.916290731874155
adaptation,29%,1,1,1.916290731874155,1.916290731874155
adaptation,"500-5,000",1,1,1.916290731874155,1.916290731874155
adaptation,500-megawatt,1,1,1.916290731874155,1.916290731874155
adaptation,52%,1,1,1.916290731874155,1.916290731874155
adaptation,580 megawatts,1,1,1.916290731874155,1.916290731874155
adaptation,6 million,1,1,1.916290731874155,1.916290731874155
adaptation,"6,000",1,1,1.916290731874155,1.916290731874155
adaptation,"60,000",1,1,1.916290731874155,1.916290731874155
adaptation,60-80%,1,1,1.916290731874155,1.916290731874155
adaptation,600,1,1,1.916290731874155,1.916290731874155
adaptation,600 tonnes,1,1,1.916290731874155,1.916290731874155
adaptation,"600,000",1,1,1.916290731874155,1.916290731874155
adaptation,34,1,1,1.916290731874155,1.916290731874155
adaptation,35 million,1,1,1.916290731874155,1.916290731874155
adaptation,38,1,1,1.916290731874155,1.916290731874155
adaptation,4,1,1,1.916290731874155,1.916290731874155
adaptation,"760,000 tonnes",1,1,1.916290731874155,1.916290731874155
adaptation,8 million cubic meters,1,1,1.916290731874155,1.916290731874155
adaptation,"8,000 kilometers",1,1,1.916290731874155,1.916290731874155
adaptation,800 megawatts,1,1,1.916290731874155,1.916290731874155
adaptation,863 megawatts,1,1,1.916290731874155,1.916290731874155
adaptation,89%,1,1,1.916290731874155,1.916290731874155
adaptation,95%,1,1,1.916290731874155,1.916290731874155
adaptation,98%,1,1,1.916290731874155,1.916290731874155
adaptation,99.5%,1,1,1.916290731874155,1.916290731874155
adaptation,AI,1,1,1.916290731874155,1.916290731874155
adaptation,Abu Dhabi's,1,1,1.916290731874155,1.916290731874155
adaptation,Adaptation Gap Report,1,1,1.916290731874155,1.916290731874155
adaptation,"5,000 megawatts",1,1,1.916290731874155,1.916290731874155
adaptation,5-15%,1,1,1.916290731874155,1.916290731874155
adaptation,Al Tafila,1,1,1.916290731874155,1.916290731874155
adaptation,Aqaba,1,1,1.916290731874155,1.916290731874155
adaptation,Azraq,1,1,1.916290731874155,1.916290731874155
adaptation,Ban Ki-moon,1,1,1.916290731874155,1.916290731874155
adaptation,Bill Gates,1,1,1.916290731874155,1.916290731874155
adaptation,Climate Action Plan,1,1,1.916290731874155,1.916290731874155
adaptation,Costa Rica,1,1,1.916290731874155,1.916290731874155
adaptation,Costa Rica's,1,1,1.916290731874155,1.916290731874155
adaptation,Dead Sea,1,1,1.916290731874155,1.916290731874155
adaptation,"635,000 tonnes",1,1,1.916290731874155,1.916290731874155
adaptation,70,1,1,1.916290731874155,1.916290731874155
adaptation,"76,000",1,1,1.916290731874155,1.916290731874155
adaptation,IKEA Foundation,1,1,1.916290731874155,1.916290731874155
science,over 1 meter,1,1,1.916290731874155,1.916290731874155
science,"over 1,500",1,1,1.916290731874155,1.916290731874155
science,"roughly 1,500 billion tonnes",1,1,1.916290731874155,1.916290731874155
science,seven years,1,1,1.916290731874155,1.916290731874155
science,sixth,1,1,1.916290731874155,1.916290731874155
science,the Alfred Wegener Institute,1,1,1.916290731874155,1.916290731874155
science,the Aqaba Marine Science Station,1,1,1.916290731874155,1.916290731874155
science,the Dead Sea,1,1,1.916290731874155,1.916290731874155
science,the Doomsday Glacier,1,1,1.916290731874155,1.916290731874155
science,the Eastern Mediterranean,1,1,1.916290731874155,1.916290731874155
science,the European Space Agency's,1,1,1.916290731874155,1.916290731874155
science,the Global CCS Institute,1,1,1.916290731874155,1.916290731874155
science,the Great Barrier Reef Foundation,1,1,1.916290731874155,1.916290731874155
adaptation,Medina al-Munawwarah,1,1,1.916290731874155,1.916290731874155
adaptation,Delta,1,1,1.916290731874155,1.916290731874155
adaptation,Denmark,1,1,1.916290731874155,1.916290731874155
adaptation,Disi,1,1,1.916290731874155,1.916290731874155
adaptation,Disi Water Conveyance Project,1,1,1.916290731874155,1.916290731874155
adaptation,Djibouti,1,1,1.916290731874155,1.916290731874155
adaptation,GIZ,1,1,1.916290731874155,1.916290731874155
adaptation,German,1,1,1.916290731874155,1.916290731874155
adaptation,Great Green Wall,1,1,1.916290731874155,1.916290731874155
adaptation,Hussein Bin Talal,1,1,1.916290731874155,1.916290731874155
adaptation,Nine,1,1,1.916290731874155,1.916290731874155
adaptation,Noor-Ouarzazate,1,1,1.916290731874155,1.916290731874155
adaptation,Olkaria,1,1,1.916290731874155,1.916290731874155
adaptation,Only $21 billion,1,1,1.916290731874155,1.916290731874155
adaptation,Rajasthan,1,1,1.916290731874155,1.916290731874155
adaptation,Red Cross,1,1,1.916290731874155,1.916290731874155
adaptation,Indonesia,1,1,1.916290731874155,1.916290731874155
adaptation,IoT,1,1,1.916290731874155,1.916290731874155
adaptation,Italy,1,1,1.916290731874155,1.916290731874155
adaptation,January 2021,1,1,1.916290731874155,1.916290731874155
adaptation,Kalundborg Symbiosis,1,1,1.916290731874155,1.916290731874155
adaptation,KfW,1,1,1.916290731874155,1.916290731874155
adaptation,Singapore,1,1,1.916290731874155,1.916290731874155
adaptation,Sustainable City,1,1,1.916290731874155,1.916290731874155
adaptation,Syrian,1,1,1.916290731874155,1.916290731874155
adaptation,The African Development Bank's,1,1,1.916290731874155,1.916290731874155
adaptation,The African Union's Agenda,1,1,1.916290731874155,1.916290731874155
adaptation,The Bhadla Solar Park,1,1,1.916290731874155,1.916290731874155
adaptation,The Global Commission on Adaptation,1,1,1.916290731874155,1.916290731874155
adaptation,Ministry of Water and Irrigation,1,1,1.916290731874155,1.916290731874155
adaptation,NEOM,1,1,1.916290731874155,1.916290731874155
adaptation,National Adaptation Plan,1,1,1.916290731874155,1.916290731874155
adaptation,National Decarbonization Plan,1,1,1.916290731874155,1.916290731874155
adaptation,National Solar Mission,1,1,1.916290731874155,1.916290731874155
adaptation,Neom,1,1,1.916290731874155,1.916290731874155
adaptation,Netherlands,1,1,1.916290731874155,1.916290731874155
adaptation,The Middle East's,1,1,1.916290731874155,1.916290731874155
adaptation,The Red Sea's,1,1,1.916290731874155,1.916290731874155
adaptation,The Royal Scientific Society,1,1,1.916290731874155,1.916290731874155
adaptation,The Tuas Nexus,1,1,1.916290731874155,1.916290731874155
adaptation,The United Nations Industrial Development Organization,1,1,1.916290731874155,1.916290731874155
adaptation,USAID,1,1,1.916290731874155,1.916290731874155
adaptation,an estimated 22%,1,1,1.916290731874155,1.916290731874155
adaptation,"approximately 110,000",1,1,1.916290731874155,1.916290731874155
adaptation,River,1,1,1.916290731874155,1.916290731874155
adaptation,Sahel Initiative,1,1,1.916290731874155,1.916290731874155
adaptation,Senegal,1,1,1.916290731874155,1.916290731874155
adaptation,"approximately 43,000",1,1,1.916290731874155,1.916290731874155
adaptation,"approximately 80,000",1,1,1.916290731874155,1.916290731874155
adaptation,between 2020 and 2030,1,1,1.916290731874155,1.916290731874155
adaptation,daily,1,1,1.916290731874155,1.916290731874155
adaptation,nine consecutive years,1,1,1.916290731874155,1.916290731874155
adaptation,only 1.3%,1,1,1.916290731874155,1.916290731874155
adaptation,only 8 hours,1,1,1.916290731874155,1.916290731874155
adaptation,over 15 million,1,1,1.916290731874155,1.916290731874155
adaptation,over 30%,1,1,1.916290731874155,1.916290731874155
adaptation,over 99%,1,1,1.916290731874155,1.916290731874155
adaptation,rainwater harvesting,1,1,1.916290731874155,1.916290731874155
adaptation,rural health clinics,1,1,1.916290731874155,1.916290731874155
adaptation,The International Renewable Energy Agency,1,1,1.916290731874155,1.916290731874155
adaptation,The Kingdom of Jordan,1,1,1.916290731874155,1.916290731874155
adaptation,the Nile Delta,1,1,1.916290731874155,1.916290731874155
science,approximately 270 billion tonnes,1,1,1.916290731874155,1.916290731874155
science,approximately 34%,1,1,1.916290731874155,1.916290731874155
science,approximately 40%,1,1,1.916290731874155,1.916290731874155
science,approximately 400 hectares,1,1,1.916290731874155,1.916290731874155
science,approximately 50%,1,1,1.916290731874155,1.916290731874155
science,approximately 600 million tonnes,1,1,1.916290731874155,1.916290731874155
science,between 2006 and 2022,1,1,1.916290731874155,1.916290731874155
science,between 2012 and 2022,1,1,1.916290731874155,1.916290731874155
science,between 2015 and 2023,1,1,1.916290731874155,1.916290731874155
science,decades,1,1,1.916290731874155,1.916290731874155
science,fourth,1,1,1.916290731874155,1.916290731874155
science,mid-2023,1,1,1.916290731874155,1.916290731874155
science,mid-century,1,1,1.916290731874155,1.916290731874155
science,more than 2.5,1,1,1.916290731874155,1.916290731874155
adaptation,approximately 18 million,1,1,1.916290731874155,1.916290731874155
impact,"1,739",1,1,1.916290731874155,1.916290731874155
impact,1.2 million,1,1,1.916290731874155,1.916290731874155
adaptation,the 2024 winter season,1,1,1.916290731874155,1.916290731874155
adaptation,the African Union,1,1,1.916290731874155,1.916290731874155
adaptation,the Agricultural Research Centre,1,1,1.916290731874155,1.916290731874155
adaptation,the Asian Development Bank,1,1,1.916290731874155,1.916290731874155
adaptation,the European Bank for Reconstruction and Development,1,1,1.916290731874155,1.916290731874155
adaptation,the European Space Agency,1,1,1.916290731874155,1.916290731874155
adaptation,the Great Rift Valley,1,1,1.916290731874155,1.916290731874155
adaptation,the Hydrogen Council,1,1,1.916290731874155,1.916290731874155
adaptation,the International Renewable Energy Agency,1,1,1.916290731874155,1.916290731874155
adaptation,the Japan International Cooperation Agency,1,1,1.916290731874155,1.916290731874155
adaptation,the King Talal Dam reservoir,1,1,1.916290731874155,1.916290731874155
adaptation,the National Water Strategy,1,1,1.916290731874155,1.916290731874155
impact,1920,1,1,1.916290731874155,1.916290731874155
impact,1961,1,1,1.916290731874155,1.916290731874155
adaptation,the One Planet Summit,1,1,1.916290731874155,1.916290731874155
adaptation,the Palestinian Authority,1,1,1.916290731874155,1.916290731874155
adaptation,the Red Sea,1,1,1.916290731874155,1.916290731874155
adaptation,"the Rhine, Meuse",1,1,1.916290731874155,1.916290731874155
adaptation,up to 10%,1,1,1.916290731874155,1.916290731874155
adaptation,up to 4 meters,1,1,1.916290731874155,1.916290731874155
adaptation,up to 7 hours,1,1,1.916290731874155,1.916290731874155
adaptation,up to 90%,1,1,1.916290731874155,1.916290731874155
impact,$2.4 trillion,1,1,1.916290731874155,1.916290731874155
impact,$375 billion,1,1,1.916290731874155,1.916290731874155
impact,$490 billion,1,1,1.916290731874155,1.916290731874155
impact,$92.9 billion,1,1,1.916290731874155,1.916290731874155
impact,1 degree,1,1,1.916290731874155,1.916290731874155
impact,"20,000",1,1,1.916290731874155,1.916290731874155
impact,2000,1,1,1.916290731874155,1.916290731874155
impact,2009,1,1,1.916290731874155,1.916290731874155
impact,2018-2022,1,1,1.916290731874155,1.916290731874155
impact,2020-2023,1,1,1.916290731874155,1.916290731874155
impact,2024 heatwave season,1,1,1.916290731874155,1.916290731874155
impact,1.3 billion cubic meters,1,1,1.916290731874155,1.916290731874155
impact,10-25%,1,1,1.916290731874155,1.916290731874155
impact,10-year,1,1,1.916290731874155,1.916290731874155
impact,12 days,1,1,1.916290731874155,1.916290731874155
impact,120 million,1,1,1.916290731874155,1.916290731874155
impact,18 separate days,1,1,1.916290731874155,1.916290731874155
impact,190%,1,1,1.916290731874155,1.916290731874155
impact,22.8 million,1,1,1.916290731874155,1.916290731874155
impact,23 billion dollar,1,1,1.916290731874155,1.916290731874155
impact,24 hours,1,1,1.916290731874155,1.916290731874155
impact,25,1,1,1.916290731874155,1.916290731874155
impact,26.4 million,1,1,1.916290731874155,1.916290731874155
impact,270,1,1,1.916290731874155,1.916290731874155
impact,270 kilometers per hour,1,1,1.916290731874155,1.916290731874155
impact,28,1,1,1.916290731874155,1.916290731874155
impact,3-5%,1,1,1.916290731874155,1.916290731874155
impact,3.3 to 3.6 billion,1,1,1.916290731874155,1.916290731874155
impact,3.7 million,1,1,1.916290731874155,1.916290731874155
impact,33 million,1,1,1.916290731874155,1.916290731874155
impact,2.1 degrees,1,1,1.916290731874155,1.916290731874155
impact,2.4 million,1,1,1.916290731874155,1.916290731874155
impact,414 millimeters,1,1,1.916290731874155,1.916290731874155
impact,45 million,1,1,1.916290731874155,1.916290731874155
impact,48 degrees,1,1,1.916290731874155,1.916290731874155
science,The World Meteorological Organization,1,1,1.916290731874155,1.916290731874155
science,The World Weather Attribution,1,1,1.916290731874155,1.916290731874155
science,WMO,1,1,1.916290731874155,1.916290731874155
science,West Antarctic Ice Sheet,1,1,1.916290731874155,1.916290731874155
science,Western Australia,1,1,1.916290731874155,1.916290731874155
science,Working Group III,1,1,1.916290731874155,1.916290731874155
science,a decade earlier,1,1,1.916290731874155,1.916290731874155
science,"an estimated 1,800",1,1,1.916290731874155,1.916290731874155
science,approximately 0.7 millimeters,1,1,1.916290731874155,1.916290731874155
science,approximately 15%,1,1,1.916290731874155,1.916290731874155
science,approximately 2.5 degrees,1,1,1.916290731874155,1.916290731874155
science,approximately 2066,1,1,1.916290731874155,1.916290731874155
impact,76%,1,1,1.916290731874155,1.916290731874155
impact,8 million,1,1,1.916290731874155,1.916290731874155
impact,80 million,1,1,1.916290731874155,1.916290731874155
impact,93%,1,1,1.916290731874155,1.916290731874155
impact,Acapulco,1,1,1.916290731874155,1.916290731874155
impact,Algeria,1,1,1.916290731874155,1.916290731874155
impact,35 degrees,1,1,1.916290731874155,1.916290731874155
impact,36 million,1,1,1.916290731874155,1.916290731874155
impact,37%,1,1,1.916290731874155,1.916290731874155
impact,4.2 million,1,1,1.916290731874155,1.916290731874155
impact,40 days,1,1,1.916290731874155,1.916290731874155
impact,40 degrees,1,1,1.916290731874155,1.916290731874155
impact,"40,000",1,1,1.916290731874155,1.916290731874155
impact,"400,000",1,1,1.916290731874155,1.916290731874155
impact,41%,1,1,1.916290731874155,1.916290731874155
impact,Caribbean,1,1,1.916290731874155,1.916290731874155
impact,Category 5,1,1,1.916290731874155,1.916290731874155
impact,Chad,1,1,1.916290731874155,1.916290731874155
impact,Derna,1,1,1.916290731874155,1.916290731874155
impact,East Africa,1,1,1.916290731874155,1.916290731874155
impact,Ethiopia,1,1,1.916290731874155,1.916290731874155
impact,European,1,1,1.916290731874155,1.916290731874155
impact,Five,1,1,1.916290731874155,1.916290731874155
impact,50,1,1,1.916290731874155,1.916290731874155
impact,500 cubic meters,1,1,1.916290731874155,1.916290731874155
impact,68%,1,1,1.916290731874155,1.916290731874155
impact,"7,000",1,1,1.916290731874155,1.916290731874155
impact,70-90%,1,1,1.916290731874155,1.916290731874155
impact,73,1,1,1.916290731874155,1.916290731874155
impact,75 micrograms per cubic meter,1,1,1.916290731874155,1.916290731874155
science,The Intergovernmental Science-Policy Platform on Biodiversity and Ecosystem Services,1,1,1.916290731874155,1.916290731874155
science,The United Nations Environment Programme,1,1,1.916290731874155,1.916290731874155
science,The World Glacier Monitoring Service,1,1,1.916290731874155,1.916290731874155
impact,Flash,1,1,1.916290731874155,1.916290731874155
impact,Friends of the Earth Middle East,1,1,1.916290731874155,1.916290731874155
impact,GLOF,1,1,1.916290731874155,1.916290731874155
impact,Global Risks Report,1,1,1.916290731874155,1.916290731874155
impact,Himalayas,1,1,1.916290731874155,1.916290731874155
impact,Hindu Kush,1,1,1.916290731874155,1.916290731874155
impact,Hurricane Otis,1,1,1.916290731874155,1.916290731874155
impact,Karakoram,1,1,1.916290731874155,1.916290731874155
impact,Australia,1,1,1.916290731874155,1.916290731874155
impact,Bolivia,1,1,1.916290731874155,1.916290731874155
impact,Burkina Faso,1,1,1.916290731874155,1.916290731874155
impact,Mexico,1,1,1.916290731874155,1.916290731874155
impact,Niger,1,1,1.916290731874155,1.916290731874155
impact,"October 25, 2023",1,1,1.916290731874155,1.916290731874155
science,"September 21, 2023",1,1,1.916290731874155,1.916290731874155
science,Siberia,1,1,1.916290731874155,1.916290731874155
science,Swiss,1,1,1.916290731874155,1.916290731874155
science,Tabuk,1,1,1.916290731874155,1.916290731874155
science,The Aletsch Glacier,1,1,1.916290731874155,1.916290731874155
science,The Blue Carbon Initiative,1,1,1.916290731874155,1.916290731874155
science,The British Antarctic Survey,1,1,1.916290731874155,1.916290731874155
science,The Dead Sea's,1,1,1.916290731874155,1.916290731874155
science,The European Space Agency's,1,1,1.916290731874155,1.916290731874155
science,The Gulf of Aqaba's,1,1,1.916290731874155,1.916290731874155
science,The Intergovernmental Panel on Climate Change Special Report,1,1,1.916290731874155,1.916290731874155
impact,Scandinavia,1,1,1.916290731874155,1.916290731874155
impact,September 2022,1,1,1.916290731874155,1.916290731874155
impact,Sicily,1,1,1.916290731874155,1.916290731874155
impact,Sikkim,1,1,1.916290731874155,1.916290731874155
impact,Southeast Asian,1,1,1.916290731874155,1.916290731874155
impact,Storm Daniel,1,1,1.916290731874155,1.916290731874155
impact,Kiribati,1,1,1.916290731874155,1.916290731874155
impact,Kush Himalaya,1,1,1.916290731874155,1.916290731874155
impact,Lahaina,1,1,1.916290731874155,1.916290731874155
impact,Lebanon,1,1,1.916290731874155,1.916290731874155
impact,Levant,1,1,1.916290731874155,1.916290731874155
impact,Mali,1,1,1.916290731874155,1.916290731874155
impact,Teesta III,1,1,1.916290731874155,1.916290731874155
impact,The Coral Triangle Initiative,1,1,1.916290731874155,1.916290731874155
impact,The Dead Sea,1,1,1.916290731874155,1.916290731874155
impact,The Global Biodiversity Framework Monitor,1,1,1.916290731874155,1.916290731874155
impact,The Global Heat Health Information Network,1,1,1.916290731874155,1.916290731874155
impact,The IPCC Working Group II,1,1,1.916290731874155,1.916290731874155
impact,The International Labour Organization,1,1,1.916290731874155,1.916290731874155
impact,The Jordan River,1,1,1.916290731874155,1.916290731874155
impact,The Jordanian Department of Meteorology,1,1,1.916290731874155,1.916290731874155
impact,The Lancet Countdown on Health and Climate Change,1,1,1.916290731874155,1.916290731874155
impact,The Lancet Planetary Health,1,1,1.916290731874155,1.916290731874155
impact,The Mediterranean Sea,1,1,1.916290731874155,1.916290731874155
impact,The Ministry of Health,1,1,1.916290731874155,1.916290731874155
impact,The Sahara Desert,1,1,1.916290731874155,1.916290731874155
impact,Qatar,1,1,1.916290731874155,1.916290731874155
science,Nature Climate Change,1,1,1.916290731874155,1.916290731874155
science,Nature Communications,1,1,1.916290731874155,1.916290731874155
science,Nature Food,1,1,1.916290731874155,1.916290731874155
science,Nature Geoscience,1,1,1.916290731874155,1.916290731874155
science,the North Atlantic,1,1,1.916290731874155,1.916290731874155
science,Northern Europe,1,1,1.916290731874155,1.916290731874155
science,Phoenix,1,1,1.916290731874155,1.916290731874155
science,Qinghai,1,1,1.916290731874155,1.916290731874155
science,the National Snow and Ice Data Center,1,1,1.916290731874155,1.916290731874155
science,Saharan,1,1,1.916290731874155,1.916290731874155
science,the National Academy of Sciences,1,1,1.916290731874155,1.916290731874155
science,the Max Planck Institute for Meteorology,1,1,1.916290731874155,1.916290731874155
science,Science Advances,1,1,1.916290731874155,1.916290731874155
science,Sentinel,1,1,1.916290731874155,1.916290731874155
science,September,1,1,1.916290731874155,1.916290731874155
impact,Syria,1,1,1.916290731874155,1.916290731874155
impact,marine habitat,1,1,1.916290731874155,1.916290731874155
impact,The World Economic Forum's,1,1,1.916290731874155,1.916290731874155
impact,The World Food Programme,1,1,1.916290731874155,1.916290731874155
science,the Mauna Loa Observatory,1,1,1.916290731874155,1.916290731874155
impact,The World Resources Institute,1,1,1.916290731874155,1.916290731874155
impact,Tunisia,1,1,1.916290731874155,1.916290731874155
science,the King Abdullah University of Science and Technology,1,1,1.916290731874155,1.916290731874155
science,the Helmholtz Centre for Environmental Research,1,1,1.916290731874155,1.916290731874155
impact,WHO,1,1,1.916290731874155,1.916290731874155
impact,a decade,1,1,1.916290731874155,1.916290731874155
impact,an estimated $3.5 billion,1,1,1.916290731874155,1.916290731874155
adaptation,12.9-megawatt,1,1,1.916290731874155,1.916290731874155
adaptation,"12,000",1,1,1.916290731874155,1.916290731874155
impact,"approximately 250,000",1,1,1.916290731874155,1.916290731874155
impact,approximately 48 kilometers,1,1,1.916290731874155,1.916290731874155
science,Nature,1,1,1.916290731874155,1.916290731874155
impact,the 2023 summer,1,1,1.916290731874155,1.916290731874155
impact,the African Union's Climate Research Centre,1,1,1.916290731874155,1.916290731874155
impact,approximately 500 million,1,1,1.916290731874155,1.916290731874155
impact,approximately 80 cubic meters,1,1,1.916290731874155,1.916290731874155
impact,approximately one-third,1,1,1.916290731874155,1.916290731874155
impact,at least 52,1,1,1.916290731874155,1.916290731874155
impact,between 2000 and 2022,1,1,1.916290731874155,1.916290731874155
impact,between 2030,1,1,1.916290731874155,1.916290731874155
impact,billion-dollar,1,1,1.916290731874155,1.916290731874155
impact,every 5 seconds,1,1,1.916290731874155,1.916290731874155
impact,hours,1,1,1.916290731874155,1.916290731874155
impact,just 12 hours,1,1,1.916290731874155,1.916290731874155
impact,just 2 meters,1,1,1.916290731874155,1.916290731874155
impact,late 2023,1,1,1.916290731874155,1.916290731874155
impact,less than 100 million cubic meters,1,1,1.916290731874155,1.916290731874155
impact,less than a year,1,1,1.916290731874155,1.916290731874155
science,zero,1,1,1.916290731874155,1.916290731874155
impact,up to 280,1,1,1.916290731874155,1.916290731874155
impact,up to 30%,1,1,1.916290731874155,1.916290731874155
impact,millions,1,1,1.916290731874155,1.916290731874155
impact,months,1,1,1.916290731874155,1.916290731874155
impact,more than 1 meter,1,1,1.916290731874155,1.916290731874155
impact,one-third,1,1,1.916290731874155,1.916290731874155
impact,over $16 billion,1,1,1.916290731874155,1.916290731874155
impact,over $30 billion,1,1,1.916290731874155,1.916290731874155
impact,"over 11,000",1,1,1.916290731874155,1.916290731874155
impact,over 13 million,1,1,1.916290731874155,1.916290731874155
impact,over 40,1,1,1.916290731874155,1.916290731874155
impact,"over 5,000",1,1,1.916290731874155,1.916290731874155
impact,six,1,1,1.916290731874155,1.916290731874155
impact,summer hours,1,1,1.916290731874155,1.916290731874155
impact,the 1980s,1,1,1.916290731874155,1.916290731874155
policy,$180 million,1,1,1.916290731874155,1.916290731874155
policy,$2.2 trillion,1,1,1.916290731874155,1.916290731874155
adaptation,20-megawatt,1,1,1.916290731874155,1.916290731874155
policy,$4 billion,1,1,1.916290731874155,1.916290731874155
policy,$4 trillion,1,1,1.916290731874155,1.916290731874155
policy,$45 million,1,1,1.916290731874155,1.916290731874155
policy,$50 billion,1,1,1.916290731874155,1.916290731874155
impact,the Democratic Republic of Congo,1,1,1.916290731874155,1.916290731874155
impact,the Eastern Pacific,1,1,1.916290731874155,1.916290731874155
impact,the Internal Displacement Monitoring Centre,1,1,1.916290731874155,1.916290731874155
impact,the Jordan River,1,1,1.916290731874155,1.916290731874155
impact,the Marshall Islands',1,1,1.916290731874155,1.916290731874155
adaptation,0.038,1,1,1.916290731874155,1.916290731874155
impact,the West Bank,1,1,1.916290731874155,1.916290731874155
impact,the summer of 2023,1,1,1.916290731874155,1.916290731874155
impact,threatens 40%,1,1,1.916290731874155,1.916290731874155
policy,$8.1 trillion,1,1,1.916290731874155,1.916290731874155
policy,$90 million,1,1,1.916290731874155,1.916290731874155
policy,0.2 degrees Celsius,1,1,1.916290731874155,1.916290731874155
policy,1 billion,1,1,1.916290731874155,1.916290731874155
policy,1 trillion,1,1,1.916290731874155,1.916290731874155
science,the University of Leeds,1,1,1.916290731874155,1.916290731874155
policy,1.5-degree,1,1,1.916290731874155,1.916290731874155
impact,up to 50%,1,1,1.916290731874155,1.916290731874155
policy,$1.2 billion,1,1,1.916290731874155,1.916290731874155
policy,$1.27 trillion,1,1,1.916290731874155,1.916290731874155
science,the Southern Ocean,1,1,1.916290731874155,1.916290731874155
policy,$100 billion,1,1,1.916290731874155,1.916290731874155
policy,$100 million,1,1,1.916290731874155,1.916290731874155
policy,$12 billion,1,1,1.916290731874155,1.916290731874155
policy,$12.5 billion,1,1,1.916290731874155,1.916290731874155
policy,$150 million,1,1,1.916290731874155,1.916290731874155
policy,2.4-2.6 degrees,1,1,1.916290731874155,1.916290731874155
policy,2.5,1,1,1.916290731874155,1.916290731874155
policy,2.9 degrees,1,1,1.916290731874155,1.916290731874155
policy,2005,1,1,1.916290731874155,1.916290731874155
policy,2008,1,1,1.916290731874155,1.916290731874155
policy,2019-2030,1,1,1.916290731874155,1.916290731874155
adaptation,$1.8 trillion,1,1,1.916290731874155,1.916290731874155
policy,2021-2022,1,1,1.916290731874155,1.916290731874155
adaptation,$10 billion,1,1,1.916290731874155,1.916290731874155
policy,$50 million,1,1,1.916290731874155,1.916290731874155
policy,$500 billion,1,1,1.916290731874155,1.916290731874155
policy,$500 million,1,1,1.916290731874155,1.916290731874155
policy,$575 billion,1,1,1.916290731874155,1.916290731874155
policy,$7 trillion,1,1,1.916290731874155,1.916290731874155
policy,$75 million,1,1,1.916290731874155,1.916290731874155
policy,$792 million,1,1,1.916290731874155,1.916290731874155
adaptation,$12 million,1,1,1.916290731874155,1.916290731874155
adaptation,$19 billion,1,1,1.916290731874155,1.916290731874155
policy,2035,1,1,1.916290731874155,1.916290731874155
policy,2047,1,1,1.916290731874155,1.916290731874155
adaptation,$2 billion,1,1,1.916290731874155,1.916290731874155
policy,2070,1,1,1.916290731874155,1.916290731874155
adaptation,$2.5 billion,1,1,1.916290731874155,1.916290731874155
policy,278 million tonnes,1,1,1.916290731874155,1.916290731874155
policy,31%,1,1,1.916290731874155,1.916290731874155
policy,32%,1,1,1.916290731874155,1.916290731874155
policy,36 billion,1,1,1.916290731874155,1.916290731874155
policy,4.5 billion,1,1,1.916290731874155,1.916290731874155
policy,40,1,1,1.916290731874155,1.916290731874155
policy,190,1,1,1.916290731874155,1.916290731874155
policy,"2,600-megawatt",1,1,1.916290731874155,1.916290731874155
policy,2.0 degrees,1,1,1.916290731874155,1.916290731874155
policy,65,1,1,1.916290731874155,1.916290731874155
policy,7.1%,1,1,1.916290731874155,1.916290731874155
policy,70%,1,1,1.916290731874155,1.916290731874155
policy,735 million,1,1,1.916290731874155,1.916290731874155
policy,94%,1,1,1.916290731874155,1.916290731874155
science,Himalayan,1,1,1.916290731874155,1.916290731874155
science,Indo-Pacific,1,1,1.916290731874155,1.916290731874155
science,Iraq,1,1,1.916290731874155,1.916290731874155
adaptation,$28 million,1,1,1.916290731874155,1.916290731874155
adaptation,$3.5 billion,1,1,1.916290731874155,1.916290731874155
adaptation,$387 billion,1,1,1.916290731874155,1.916290731874155
adaptation,$5.5 million,1,1,1.916290731874155,1.916290731874155
science,Marine,1,1,1.916290731874155,1.916290731874155
science,May 2024,1,1,1.916290731874155,1.916290731874155
adaptation,$7.1 trillion,1,1,1.916290731874155,1.916290731874155
adaptation,$72 billion,1,1,1.916290731874155,1.916290731874155
policy,COP,1,1,1.916290731874155,1.916290731874155
policy,COP27,1,1,1.916290731874155,1.916290731874155
policy,California,1,1,1.916290731874155,1.916290731874155
policy,Carbon Border Adjustment Mechanism,1,1,1.916290731874155,1.916290731874155
policy,Change Xie Zhenhua,1,1,1.916290731874155,1.916290731874155
adaptation,$990 million,1,1,1.916290731874155,1.916290731874155
adaptation,0.033,1,1,1.916290731874155,1.916290731874155
policy,EU,1,1,1.916290731874155,1.916290731874155
policy,42%,1,1,1.916290731874155,1.916290731874155
policy,48%,1,1,1.916290731874155,1.916290731874155
policy,50 billion,1,1,1.916290731874155,1.916290731874155
adaptation,$1.8 billion,1,1,1.916290731874155,1.916290731874155
policy,500 million,1,1,1.916290731874155,1.916290731874155
policy,57%,1,1,1.916290731874155,1.916290731874155
policy,58%,1,1,1.916290731874155,1.916290731874155
policy,63%,1,1,1.916290731874155,1.916290731874155
policy,February 2025,1,1,1.916290731874155,1.916290731874155
policy,G20,1,1,1.916290731874155,1.916290731874155
adaptation,2026,1,1,1.916290731874155,1.916290731874155
adaptation,2027,1,1,1.916290731874155,1.916290731874155
policy,Green Initiative,1,1,1.916290731874155,1.916290731874155
policy,IBAMA,1,1,1.916290731874155,1.916290731874155
policy,IEA,1,1,1.916290731874155,1.916290731874155
policy,IMF,1,1,1.916290731874155,1.916290731874155
adaptation,"130,000",1,1,1.916290731874155,1.916290731874155
policy,January 2019,1,1,1.916290731874155,1.916290731874155
policy,January 2026,1,1,1.916290731874155,1.916290731874155
policy,Ajay Banga,1,1,1.916290731874155,1.916290731874155
policy,Amazon,1,1,1.916290731874155,1.916290731874155
policy,Antonio Guterres,1,1,1.916290731874155,1.916290731874155
policy,August 2023,1,1,1.916290731874155,1.916290731874155
adaptation,14 hours,1,1,1.916290731874155,1.916290731874155
science,Gorgon,1,1,1.916290731874155,1.916290731874155
policy,John Kerry,1,1,1.916290731874155,1.916290731874155
adaptation,"14,000 acres",1,1,1.916290731874155,1.916290731874155
adaptation,15 to,1,1,1.916290731874155,1.916290731874155
policy,Kush Himalayan,1,1,1.916290731874155,1.916290731874155
policy,Lula da Silva,1,1,1.916290731874155,1.916290731874155
policy,March 2023,1,1,1.916290731874155,1.916290731874155
policy,Middle East Green Initiative,1,1,1.916290731874155,1.916290731874155
policy,Ministry of Environment and Climate Change,1,1,1.916290731874155,1.916290731874155
policy,Narendra Modi,1,1,1.916290731874155,1.916290731874155
policy,National Climate Change Policy,1,1,1.916290731874155,1.916290731874155
policy,Nationally Determined Contribution,1,1,1.916290731874155,1.916290731874155
policy,Net Zero,1,1,1.916290731874155,1.916290731874155
policy,Emissions Gap Report,1,1,1.916290731874155,1.916290731874155
adaptation,15-30%,1,1,1.916290731874155,1.916290731874155
policy,Fatih Birol,1,1,1.916290731874155,1.916290731874155
policy,Qu Dongyu,1,1,1.916290731874155,1.916290731874155
policy,Russia,1,1,1.916290731874155,1.916290731874155
policy,Saudi,1,1,1.916290731874155,1.916290731874155
science,Colorado,1,1,1.916290731874155,1.916290731874155
science,Copernicus,1,1,1.916290731874155,1.916290731874155
science,Copernicus Climate Change Service,1,1,1.916290731874155,1.916290731874155
science,ESA,1,1,1.916290731874155,1.916290731874155
science,ETH Zurich,1,1,1.916290731874155,1.916290731874155
science,East Coast,1,1,1.916290731874155,1.916290731874155
adaptation,"2,245 megawatts",1,1,1.916290731874155,1.916290731874155
adaptation,"2,400 megawatts",1,1,1.916290731874155,1.916290731874155
science,GRACE,1,1,1.916290731874155,1.916290731874155
adaptation,2.3 billion,1,1,1.916290731874155,1.916290731874155
science,Geophysical Research Letters,1,1,1.916290731874155,1.916290731874155
science,Global Methane Assessment,1,1,1.916290731874155,1.916290731874155
science,Goddard Institute for Space Studies,1,1,1.916290731874155,1.916290731874155
policy,Southeast Asia,1,1,1.916290731874155,1.916290731874155
policy,State of Food and Agriculture 2023,1,1,1.916290731874155,1.916290731874155
policy,Sudair,1,1,1.916290731874155,1.916290731874155
policy,Sunnylands,1,1,1.916290731874155,1.916290731874155
policy,The Asian Development Bank,1,1,1.916290731874155,1.916290731874155
policy,The Climate Justice Alliance,1,1,1.916290731874155,1.916290731874155
policy,New York,1,1,1.916290731874155,1.916290731874155
policy,Norway,1,1,1.916290731874155,1.916290731874155
policy,November 2021,1,1,1.916290731874155,1.916290731874155
policy,November 2023,1,1,1.916290731874155,1.916290731874155
policy,OECD,1,1,1.916290731874155,1.916290731874155
adaptation,20,1,1,1.916290731874155,1.916290731874155
policy,"Over 2,300",1,1,1.916290731874155,1.916290731874155
policy,Over 200 million,1,1,1.916290731874155,1.916290731874155
policy,Paris Agreement,1,1,1.916290731874155,1.916290731874155
policy,Poland,1,1,1.916290731874155,1.916290731874155
policy,The Global Methane Pledge,1,1,1.916290731874155,1.916290731874155
policy,The Global Stocktake at COP28,1,1,1.916290731874155,1.916290731874155
policy,The Green Climate Fund,1,1,1.916290731874155,1.916290731874155
policy,The International Energy Agency's,1,1,1.916290731874155,1.916290731874155
policy,The International Maritime Organization,1,1,1.916290731874155,1.916290731874155
policy,The Kigali Amendment,1,1,1.916290731874155,1.916290731874155
policy,The Ministry of Environment,1,1,1.916290731874155,1.916290731874155
policy,The United Arab Emirates,1,1,1.916290731874155,1.916290731874155
policy,The World Bank,1,1,1.916290731874155,1.916290731874155
policy,UNDP,1,1,1.916290731874155,1.916290731874155
policy,Sharm el-Sheikh,1,1,1.916290731874155,1.916290731874155
policy,Simon Stiell,1,1,1.916290731874155,1.916290731874155
policy,Sixth Assessment Report,1,1,1.916290731874155,1.916290731874155
policy,Songdo,1,1,1.916290731874155,1.916290731874155
policy,South,1,1,1.916290731874155,1.916290731874155
policy,South Korea,1,1,1.916290731874155,1.916290731874155
policy,Vanuatu,1,1,1.916290731874155,1.916290731874155
policy,Vision 2030,1,1,1.916290731874155,1.916290731874155
adaptation,20 degrees,1,1,1.916290731874155,1.916290731874155
adaptation,3 to 8 degrees Celsius,1,1,1.916290731874155,1.916290731874155
policy,approximately $100 billion,1,1,1.916290731874155,1.916290731874155
policy,approximately 3%,1,1,1.916290731874155,1.916290731874155
policy,approximately 70%,1,1,1.916290731874155,1.916290731874155
adaptation,"3,000",1,1,1.916290731874155,1.916290731874155
policy,non-CO2,1,1,1.916290731874155,1.916290731874155
policy,only 3.8%,1,1,1.916290731874155,1.916290731874155
policy,only 6,1,1,1.916290731874155,1.916290731874155
policy,The European Investment Bank,1,1,1.916290731874155,1.916290731874155
policy,The European Union,1,1,1.916290731874155,1.916290731874155
policy,The European Union's,1,1,1.916290731874155,1.916290731874155
policy,The Global Adaptation Finance Tracker,1,1,1.916290731874155,1.916290731874155
policy,The Global Landscape of Climate Finance,1,1,1.916290731874155,1.916290731874155
policy,"over 12,500",1,1,1.916290731874155,1.916290731874155
policy,over 130,1,1,1.916290731874155,1.916290731874155
policy,over 150,1,1,1.916290731874155,1.916290731874155
policy,ten,1,1,1.916290731874155,1.916290731874155
policy,the African Group of Negotiators,1,1,1.916290731874155,1.916290731874155
policy,the Amazon Fund,1,1,1.916290731874155,1.916290731874155
policy,the Bonn Climate Change Conference,1,1,1.916290731874155,1.916290731874155
policy,the Central Bank of Jordan,1,1,1.916290731874155,1.916290731874155
policy,the Climate Ambition Summit,1,1,1.916290731874155,1.916290731874155
policy,the Climate Policy Initiative,1,1,1.916290731874155,1.916290731874155
policy,the Congo Basin,1,1,1.916290731874155,1.916290731874155
policy,the International Court of Justice,1,1,1.916290731874155,1.916290731874155
policy,the International Year of Glaciers,1,1,1.916290731874155,1.916290731874155
adaptation,3-degree,1,1,1.916290731874155,1.916290731874155
policy,UNFCCC,1,1,1.916290731874155,1.916290731874155
policy,United Kingdom,1,1,1.916290731874155,1.916290731874155
policy,the Kigali Amendment,1,1,1.916290731874155,1.916290731874155
policy,the North Sea,1,1,1.916290731874155,1.916290731874155
adaptation,3.2,1,1,1.916290731874155,1.916290731874155
policy,the Renewable Energy and Energy Efficiency Law,1,1,1.916290731874155,1.916290731874155
policy,the United Nations,1,1,1.916290731874155,1.916290731874155
policy,the United Nations General Assembly,1,1,1.916290731874155,1.916290731874155
adaptation,30-50%,1,1,1.916290731874155,1.916290731874155
policy,the end of 2023,1,1,1.916290731874155,1.916290731874155
policy,the estimated $400 billion,1,1,1.916290731874155,1.916290731874155
policy,the first seven months,1,1,1.916290731874155,1.916290731874155
policy,thousands,1,1,1.916290731874155,1.916290731874155
policy,two weeks,1,1,1.916290731874155,1.916290731874155
science,0.3 degrees,1,1,1.916290731874155,1.916290731874155
science,0.5 degrees Celsius,1,1,1.916290731874155,1.916290731874155
policy,only 6%,1,1,1.916290731874155,1.916290731874155
policy,only 7%,1,1,1.916290731874155,1.916290731874155
science,Annual Review of Marine Science,1,1,1.916290731874155,1.916290731874155
adaptation,300 million cubic meters,1,1,1.916290731874155,1.916290731874155
science,Antarctic ice,1,1,1.916290731874155,1.916290731874155
adaptation,"300,000",1,1,1.916290731874155,1.916290731874155
science,Antarctica,1,1,1.916290731874155,1.916290731874155
science,Arabian,1,1,1.916290731874155,1.916290731874155
adaptation,2007,1,1,1.916290731874155,1.916290731874155
science,Arctic sea,1,1,1.916290731874155,1.916290731874155
science,Arizona,1,1,1.916290731874155,1.916290731874155
science,Atmospheric CO2,1,1,1.916290731874155,1.916290731874155
science,Boulder,1,1,1.916290731874155,1.916290731874155
science,CCS,1,1,1.916290731874155,1.916290731874155
adaptation,2013,1,1,1.916290731874155,1.916290731874155
science,CRISPR,1,1,1.916290731874155,1.916290731874155
science,Carlo Buontempo,1,1,1.916290731874155,1.916290731874155
science,Celeste Saulo,1,1,1.916290731874155,1.916290731874155
science,1981-2010,1,1,1.916290731874155,1.916290731874155
science,0.5%,1,1,1.916290731874155,1.916290731874155
science,1 million,1,1,1.916290731874155,1.916290731874155
science,"1,923",1,1,1.916290731874155,1.916290731874155
science,1.0%,1,1,1.916290731874155,1.916290731874155
science,1.1%,1,1,1.916290731874155,1.916290731874155
science,1.48 degrees Celsius,1,1,1.916290731874155,1.916290731874155
science,1.5 degree,1,1,1.916290731874155,1.916290731874155
science,1.5 million square kilometers,1,1,1.916290731874155,1.916290731874155
science,1.5%,1,1,1.916290731874155,1.916290731874155
science,1.75 degrees,1,1,1.916290731874155,1.916290731874155
science,1.9 billion,1,1,1.916290731874155,1.916290731874155
science,10-20%,1,1,1.916290731874155,1.916290731874155
science,"100 to 1,000",1,1,1.916290731874155,1.916290731874155
science,11 meters,1,1,1.916290731874155,1.916290731874155
science,12th,1,1,1.916290731874155,1.916290731874155
science,2006,1,1,1.916290731874155,1.916290731874155
science,2010-2019,1,1,1.916290731874155,1.916290731874155
adaptation,2017,1,1,1.916290731874155,1.916290731874155
science,14 consecutive days,1,1,1.916290731874155,1.916290731874155
science,14.5%,1,1,1.916290731874155,1.916290731874155
science,15,1,1,1.916290731874155,1.916290731874155
science,15.5 billion tonnes,1,1,1.916290731874155,1.916290731874155
science,17 kilometers,1,1,1.916290731874155,1.916290731874155
science,18%,1,1,1.916290731874155,1.916290731874155
science,1800,1,1,1.916290731874155,1.916290731874155
science,1850-1900,1,1,1.916290731874155,1.916290731874155
adaptation,2018,1,1,1.916290731874155,1.916290731874155
science,1950,1,1,1.916290731874155,1.916290731874155
science,1958,1,1,1.916290731874155,1.916290731874155
science,1979,1,1,1.916290731874155,1.916290731874155
science,1980,1,1,1.916290731874155,1.916290731874155
science,227 billion tonnes,1,1,1.916290731874155,1.916290731874155
science,23,1,1,1.916290731874155,1.916290731874155
science,26.0 million square kilometers,1,1,1.916290731874155,1.916290731874155
science,298 billion tonnes,1,1,1.916290731874155,1.916290731874155
science,3 kilometers,1,1,1.916290731874155,1.916290731874155
science,3.5,1,1,1.916290731874155,1.916290731874155
science,1982,1,1,1.916290731874155,1.916290731874155
science,1993,1,1,1.916290731874155,1.916290731874155
adaptation,2023-2040,1,1,1.916290731874155,1.916290731874155
science,2 kilometers,1,1,1.916290731874155,1.916290731874155
science,2-3%,1,1,1.916290731874155,1.916290731874155
science,2.6 million square kilometers,1,1,1.916290731874155,1.916290731874155
science,2.8,1,1,1.916290731874155,1.916290731874155
science,20 to 50,1,1,1.916290731874155,1.916290731874155
adaptation,4 years,1,1,1.916290731874155,1.916290731874155
science,2000-2009,1,1,1.916290731874155,1.916290731874155
science,31.5%,1,1,1.916290731874155,1.916290731874155
science,34.2%,1,1,1.916290731874155,1.916290731874155
science,36.8 billion tonnes,1,1,1.916290731874155,1.916290731874155
science,4 million tonnes,1,1,1.916290731874155,1.916290731874155
science,4-5 degrees,1,1,1.916290731874155,1.916290731874155
science,4.5 millimeters,1,1,1.916290731874155,1.916290731874155
science,400,1,1,1.916290731874155,1.916290731874155
science,424.0,1,1,1.916290731874155,1.916290731874155
science,43 degrees,1,1,1.916290731874155,1.916290731874155
science,45 million tonnes,1,1,1.916290731874155,1.916290731874155
adaptation,"4,000",1,1,1.916290731874155,1.916290731874155
science,2023 summer,1,1,1.916290731874155,1.916290731874155
adaptation,400 million cubic meters,1,1,1.916290731874155,1.916290731874155
adaptation,400-kilometer,1,1,1.916290731874155,1.916290731874155
adaptation,400-meter,1,1,1.916290731874155,1.916290731874155
science,"217,175",1,1,1.916290731874155,1.916290731874155
science,65 centimeters,1,1,1.916290731874155,1.916290731874155
science,7.4%,1,1,1.916290731874155,1.916290731874155
science,7.8 cubic kilometers,1,1,1.916290731874155,1.916290731874155
science,722,1,1,1.916290731874155,1.916290731874155
science,75%,1,1,1.916290731874155,1.916290731874155
science,75-90%,1,1,1.916290731874155,1.916290731874155
science,8.1,1,1,1.916290731874155,1.916290731874155
science,8.2,1,1,1.916290731874155,1.916290731874155
adaptation,45,1,1,1.916290731874155,1.916290731874155
science,85%,1,1,1.916290731874155,1.916290731874155
science,9,1,1,1.916290731874155,1.916290731874155
science,90%,1,1,1.916290731874155,1.916290731874155
science,AMOC,1,1,1.916290731874155,1.916290731874155
science,Alaska,1,1,1.916290731874155,1.916290731874155
science,Alps,1,1,1.916290731874155,1.916290731874155
science,31 consecutive days,1,1,1.916290731874155,1.916290731874155
adaptation,5,1,1,1.916290731874155,1.916290731874155
adaptation,200,1,1,1.916290731874155,1.916290731874155
adaptation,200 million cubic meters,1,1,1.916290731874155,1.916290731874155
adaptation,200-megawatt,1,1,1.916290731874155,1.916290731874155
adaptation,0.049,1,1,1.916290731874155,1.916290731874155
adaptation,0.40,1,1,1.916290731874155,1.916290731874155
adaptation,10 million cubic meters,1,1,1.916290731874155,1.916290731874155
adaptation,10 to 18,1,1,1.916290731874155,1.916290731874155
adaptation,"10,000",1,1,1.916290731874155,1.916290731874155
adaptation,10-megawatt,1,1,1.916290731874155,1.916290731874155
adaptation,100 million,1,1,1.916290731874155,1.916290731874155
adaptation,100 million cubic meters,1,1,1.916290731874155,1.916290731874155
adaptation,100 years,1,1,1.916290731874155,1.916290731874155
adaptation,11,1,1,1.916290731874155,1.916290731874155
adaptation,117 megawatts,1,1,1.916290731874155,1.916290731874155
science,the Tibetan Plateau,1,1,1.916290731874155,1.916290731874155
adaptation,2063,1,1,1.916290731874155,1.916290731874155
science,the West Antarctic Ice Sheet,1,1,1.916290731874155,1.916290731874155
science,the early 2000s,1,1,1.916290731874155,1.916290731874155
science,the hottest month,1,1,1.916290731874155,1.916290731874155
science,the last 15 years,1,1,1.916290731874155,1.916290731874155
science,the past two years,1,1,1.916290731874155,1.916290731874155
science,the preceding 12 months,1,1,1.916290731874155,1.916290731874155
science,the previous decade,1,1,1.916290731874155,1.916290731874155
science,the previous year,1,1,1.916290731874155,1.916290731874155
science,the warmest year,1,1,1.916290731874155,1.916290731874155
adaptation,215,1,1,1.916290731874155,1.916290731874155
science,three decades,1,1,1.916290731874155,1.916290731874155
science,up to 10,1,1,1.916290731874155,1.916290731874155
science,up to 70%,1,1,1.916290731874155,1.916290731874155
science,winter,1,1,1.916290731874155,1.916290731874155
science,the Potsdam Institute for Climate Impact Research,1,1,1.916290731874155,1.916290731874155
science,40 years,1,2,1.5108256237659907,1.5108256237659907
science,1960,1,2,1.5108256237659907,1.5108256237659907
science,50 years,1,2,1.5108256237659907,1.5108256237659907
science,21%,1,2,1.5108256237659907,1.5108256237659907
science,60%,1,2,1.5108256237659907,1.5108256237659907
science,280,1,2,1.5108256237659907,1.5108256237659907
science,20%,1,2,1.5108256237659907,1.5108256237659907
science,1990,1,2,1.5108256237659907,1.5108256237659907
science,30%,1,2,1.5108256237659907,1.5108256237659907
policy,the Montreal Protocol,1,2,1.5108256237659907,1.5108256237659907
science,1970,1,2,1.5108256237659907,1.5108256237659907
science,10%,1,2,1.5108256237659907,1.5108256237659907
science,2010,1,2,1.5108256237659907,1.5108256237659907
policy,World Bank,1,2,1.5108256237659907,1.5108256237659907
policy,US,1,2,1.5108256237659907,1.5108256237659907
policy,the European Union,1,2,1.5108256237659907,1.5108256237659907
science,0.5 degrees,1,2,1.5108256237659907,1.5108256237659907
adaptation,12%,1,2,1.5108256237659907,1.5108256237659907
adaptation,2019,1,2,1.5108256237659907,1.5108256237659907
adaptation,50 years,1,2,1.5108256237659907,1.5108256237659907
adaptation,35%,1,2,1.5108256237659907,1.5108256237659907
policy,UAE,1,2,1.5108256237659907,1.5108256237659907
policy,South Asia,1,2,1.5108256237659907,1.5108256237659907
policy,Spain,1,2,1.5108256237659907,1.5108256237659907
policy,Sub-Saharan Africa,1,2,1.5108256237659907,1.5108256237659907
science,China,1,2,1.5108256237659907,1.5108256237659907
policy,Pacific Island,1,2,1.5108256237659907,1.5108256237659907
policy,Pakistan,1,2,1.5108256237659907,1.5108256237659907
policy,Saudi Arabia's,1,2,1.5108256237659907,1.5108256237659907
policy,July 2023,1,2,1.5108256237659907,1.5108256237659907
science,Earth,1,2,1.5108256237659907,1.5108256237659907
policy,Hindu,1,2,1.5108256237659907,1.5108256237659907
policy,IPCC,1,2,1.5108256237659907,1.5108256237659907
science,January 2024,1,2,1.5108256237659907,1.5108256237659907
policy,2025,1,2,1.5108256237659907,1.5108256237659907
policy,Brazil,1,2,1.5108256237659907,1.5108256237659907
policy,Asia,1,2,1.5108256237659907,1.5108256237659907
policy,Dubai,1,2,1.5108256237659907,1.5108256237659907
science,IPCC,1,2,1.5108256237659907,1.5108256237659907
science,Hawaii,1,2,1.5108256237659907,1.5108256237659907
impact,the Northern Hemisphere,1,2,1.5108256237659907,1.5108256237659907
policy,100,1,2,1.5108256237659907,1.5108256237659907
policy,0.5 degrees,1,2,1.5108256237659907,1.5108256237659907
policy,2020,1,2,1.5108256237659907,1.5108256237659907
policy,2019,1,2,1.5108256237659907,1.5108256237659907
policy,20%,1,2,1.5108256237659907,1.5108256237659907
policy,2 billion,1,2,1.5108256237659907,1.5108256237659907
policy,30%,1,2,1.5108256237659907,1.5108256237659907
policy,2040,1,2,1.5108256237659907,1.5108256237659907
impact,Hindu,1,2,1.5108256237659907,1.5108256237659907
impact,Hawaii,1,2,1.5108256237659907,1.5108256237659907
impact,Riyadh,1,2,1.5108256237659907,1.5108256237659907
impact,Southern Europe,1,2,1.5108256237659907,1.5108256237659907
impact,Sub-Saharan Africa,1,2,1.5108256237659907,1.5108256237659907
impact,Pacific Island,1,2,1.5108256237659907,1.5108256237659907
impact,October 2023,1,2,1.5108256237659907,1.5108256237659907
impact,NOAA,1,2,1.5108256237659907,1.5108256237659907
impact,Greece,1,2,1.5108256237659907,1.5108256237659907
impact,the United States,1,2,1.5108256237659907,1.5108256237659907
impact,three,1,2,1.5108256237659907,1.5108256237659907
impact,summer,1,2,1.5108256237659907,1.5108256237659907
impact,UNHCR,1,2,1.5108256237659907,1.5108256237659907
impact,UAE,1,2,1.5108256237659907,1.5108256237659907
impact,Pakistan,1,2,1.5108256237659907,1.5108256237659907
impact,The Middle East,1,2,1.5108256237659907,1.5108256237659907
impact,21%,1,2,1.5108256237659907,1.5108256237659907
impact,25%,1,2,1.5108256237659907,1.5108256237659907
impact,1990,1,2,1.5108256237659907,1.5108256237659907
impact,2 billion,1,2,1.5108256237659907,1.5108256237659907
impact,1.5 degrees,1,2,1.5108256237659907,1.5108256237659907
impact,2040,1,2,1.5108256237659907,1.5108256237659907
science,US,1,2,1.5108256237659907,1.5108256237659907
impact,40 years,1,2,1.5108256237659907,1.5108256237659907
impact,35%,1,2,1.5108256237659907,1.5108256237659907
impact,40 million,1,2,1.5108256237659907,1.5108256237659907
impact,Earth,1,2,1.5108256237659907,1.5108256237659907
impact,El Nino,1,2,1.5108256237659907,1.5108256237659907
impact,Brazil,1,2,1.5108256237659907,1.5108256237659907
impact,Baghdad,1,2,1.5108256237659907,1.5108256237659907
impact,June 2024,1,2,1.5108256237659907,1.5108256237659907
impact,Israel,1,2,1.5108256237659907,1.5108256237659907
adaptation,2020,1,2,1.5108256237659907,1.5108256237659907
science,the Montreal Protocol,1,2,1.5108256237659907,1.5108256237659907
adaptation,10,1,2,1.5108256237659907,1.5108256237659907
impact,12%,1,2,1.5108256237659907,1.5108256237659907
adaptation,40 million,1,2,1.5108256237659907,1.5108256237659907
adaptation,25%,1,2,1.5108256237659907,1.5108256237659907
adaptation,280,1,2,1.5108256237659907,1.5108256237659907
adaptation,2010,1,2,1.5108256237659907,1.5108256237659907
science,the Northern Hemisphere,1,2,1.5108256237659907,1.5108256237659907
adaptation,Dubai,1,2,1.5108256237659907,1.5108256237659907
science,the European Union,1,2,1.5108256237659907,1.5108256237659907
adaptation,Greece,1,2,1.5108256237659907,1.5108256237659907
adaptation,Asia,1,2,1.5108256237659907,1.5108256237659907
adaptation,Baghdad,1,2,1.5108256237659907,1.5108256237659907
adaptation,CO2,1,2,1.5108256237659907,1.5108256237659907
adaptation,Bangladesh,1,2,1.5108256237659907,1.5108256237659907
impact,1960,1,2,1.5108256237659907,1.5108256237659907
adaptation,summer,1,2,1.5108256237659907,1.5108256237659907
impact,100,1,2,1.5108256237659907,1.5108256237659907
adaptation,Riyadh,1,2,1.5108256237659907,1.5108256237659907
science,five,1,2,1.5108256237659907,1.5108256237659907
impact,10,1,2,1.5108256237659907,1.5108256237659907
impact,10%,1,2,1.5108256237659907,1.5108256237659907
adaptation,January 2024,1,2,1.5108256237659907,1.5108256237659907
adaptation,Spain,1,2,1.5108256237659907,1.5108256237659907
adaptation,Saudi Arabia's,1,2,1.5108256237659907,1.5108256237659907
adaptation,Sahel,1,2,1.5108256237659907,1.5108256237659907
adaptation,five,1,2,1.5108256237659907,1.5108256237659907
adaptation,World Bank,1,2,1.5108256237659907,1.5108256237659907
adaptation,UNHCR,1,2,1.5108256237659907,1.5108256237659907
adaptation,The Middle East,1,2,1.5108256237659907,1.5108256237659907
science,80%,1,3,1.2231435513142097,1.2231435513142097
science,45%,1,3,1.2231435513142097,1.2231435513142097
science,40%,1,3,1.2231435513142097,1.2231435513142097
science,2024,1,3,1.2231435513142097,1.2231435513142097
impact,Africa,1,3,1.2231435513142097,1.2231435513142097
impact,40%,1,3,1.2231435513142097,1.2231435513142097
impact,North Africa,1,3,1.2231435513142097,1.2231435513142097
impact,Saudi Arabia,1,3,1.2231435513142097,1.2231435513142097
impact,September 2023,1,3,1.2231435513142097,1.2231435513142097
policy,Jordanian,1,3,1.2231435513142097,1.2231435513142097
policy,80%,1,3,1.2231435513142097,1.2231435513142097
policy,Kenya,1,3,1.2231435513142097,1.2231435513142097
policy,45%,1,3,1.2231435513142097,1.2231435513142097
science,Mediterranean,1,3,1.2231435513142097,1.2231435513142097
policy,Africa,1,3,1.2231435513142097,1.2231435513142097
impact,the Jordan Valley,1,3,1.2231435513142097,1.2231435513142097
policy,September 2023,1,3,1.2231435513142097,1.2231435513142097
adaptation,45%,1,3,1.2231435513142097,1.2231435513142097
adaptation,North Africa,1,3,1.2231435513142097,1.2231435513142097
science,the Jordan Valley,1,3,1.2231435513142097,1.2231435513142097
impact,2024,1,3,1.2231435513142097,1.2231435513142097
impact,2100,1,3,1.2231435513142097,1.2231435513142097
science,UNEP,1,3,1.2231435513142097,1.2231435513142097
impact,Kenya,1,3,1.2231435513142097,1.2231435513142097
policy,March 2024,1,4,1.0,1.0
impact,India,1,4,1.0,1.0
impact,March 2024,1,4,1.0,1.0
impact,first,1,4,1.0,1.0
science,India,1,4,1.0,1.0
science,first,1,4,1.0,1.0
impact,2050,1,4,1.0,1.0
science,annual,1,4,1.0,1.0
adaptation,March 2024,1,4,1.0,1.0
